asset_id,title,category,collection,dimensions_m,triangles,native_archive,glb_archive,glb_path_in_archive
BLD_Home_Verandah_01,Limewashed tiled-roof verandah home,buildings,BLD_Home_Verandah_01,8.1272 x 7.36 x 4.57,34108,Kerala_Trackside_01A_Buildings_Blender.zip,Kerala_Trackside_01C_Buildings_GLB_01.zip,Kerala_Trackside_01C_Buildings_GLB_01/models/BLD_Home_Verandah_01.glb
BLD_Cottage_Hipped_01,Aqua cottage with hipped clay roof,buildings,BLD_Cottage_Hipped_01,7.3075 x 6.3975 x 4.405,13986,Kerala_Trackside_01A_Buildings_Blender.zip,Kerala_Trackside_01D_Buildings_GLB_02.zip,Kerala_Trackside_01D_Buildings_GLB_02/models/BLD_Cottage_Hipped_01.glb
BLD_Home_Concrete_01,Faded pastel concrete-roof coastal home,buildings,BLD_Home_Concrete_01,7.4926 x 7.6423 x 5.01,8404,Kerala_Trackside_01A_Buildings_Blender.zip,Kerala_Trackside_01C_Buildings_GLB_01.zip,Kerala_Trackside_01C_Buildings_GLB_01/models/BLD_Home_Concrete_01.glb
BLD_TeaShop_Open_01,Canal Side chayakkada with furnished service bay,buildings,BLD_TeaShop_Open_01,6.2597 x 5.4928 x 3.8701,38528,Kerala_Trackside_01A_Buildings_Blender.zip,Kerala_Trackside_01D_Buildings_GLB_02.zip,Kerala_Trackside_01D_Buildings_GLB_02/models/BLD_TeaShop_Open_01.glb
BLD_Workshop_Corrugated_01,Coastal cycle and pump repair workshop,buildings,BLD_Workshop_Corrugated_01,6.29 x 6.662 x 3.4606,11818,Kerala_Trackside_01A_Buildings_Blender.zip,Kerala_Trackside_01E_Buildings_GLB_03.zip,Kerala_Trackside_01E_Buildings_GLB_03/models/BLD_Workshop_Corrugated_01.glb
BLD_CoirYard_Shed_01,Palm-leaf roof coir working-yard shed,buildings,BLD_CoirYard_Shed_01,5.72 x 5.6667 x 3.63,34384,Kerala_Trackside_01A_Buildings_Blender.zip,Kerala_Trackside_01E_Buildings_GLB_03.zip,Kerala_Trackside_01E_Buildings_GLB_03/models/BLD_CoirYard_Shed_01.glb
BLD_Well_Roofed_01,Domestic roofed masonry well with pulley and bucket,buildings,BLD_Well_Roofed_01,3.02 x 2.5783 x 3.31,7272,Kerala_Trackside_01A_Buildings_Blender.zip,Kerala_Trackside_01E_Buildings_GLB_03.zip,Kerala_Trackside_01E_Buildings_GLB_03/models/BLD_Well_Roofed_01.glb
BLD_Gateway_Tiled_01,Compact tiled domestic gateway,buildings,BLD_Gateway_Tiled_01,4.38 x 2.4513 x 3.79,7536,Kerala_Trackside_01A_Buildings_Blender.zip,Kerala_Trackside_01D_Buildings_GLB_02.zip,Kerala_Trackside_01D_Buildings_GLB_02/models/BLD_Gateway_Tiled_01.glb
BLD_Wall_Laterite_3m_01,Three meter capped laterite compound wall,buildings,BLD_Wall_Laterite_3m_01,3.0 x 0.44 x 1.535,3696,Kerala_Trackside_01A_Buildings_Blender.zip,Kerala_Trackside_01C_Buildings_GLB_01.zip,Kerala_Trackside_01C_Buildings_GLB_01/models/BLD_Wall_Laterite_3m_01.glb
BLD_Gate_Double_01,Weathered twin-leaf metal compound gate,buildings,BLD_Gate_Double_01,4.02 x 0.48 x 1.9825,2592,Kerala_Trackside_01A_Buildings_Blender.zip,Kerala_Trackside_01C_Buildings_GLB_01.zip,Kerala_Trackside_01C_Buildings_GLB_01/models/BLD_Gate_Double_01.glb
KL_LS_Coconut_Tall_A,Tall coastal coconut palm,landscape_plants,KL_LS_Coconut_Tall_A,8.466 x 9.041 x 14.775,101808,Kerala_Trackside_02A1_Landscape_Plants_Blender.zip,Kerala_Trackside_02D_Landscape_GLB_02.zip,Kerala_Trackside_02D_Landscape_GLB_02/models/KL_LS_Coconut_Tall_A.glb
KL_LS_Coconut_Tall_A_LOD1,Tall coastal coconut palm LOD1,landscape_plants,KL_LS_Coconut_Tall_A_LOD1,8.466 x 9.041 x 14.775,38701,Kerala_Trackside_02A1_Landscape_Plants_Blender.zip,Kerala_Trackside_02D_Landscape_GLB_02.zip,Kerala_Trackside_02D_Landscape_GLB_02/models/KL_LS_Coconut_Tall_A_LOD1.glb
KL_LS_Coconut_Tall_A_LOD2,Tall coastal coconut palm LOD2,landscape_plants,KL_LS_Coconut_Tall_A_LOD2,8.466 x 9.041 x 14.775,15096,Kerala_Trackside_02A1_Landscape_Plants_Blender.zip,Kerala_Trackside_02D_Landscape_GLB_02.zip,Kerala_Trackside_02D_Landscape_GLB_02/models/KL_LS_Coconut_Tall_A_LOD2.glb
KL_LS_Coconut_Leaning_B,Leaning backwater coconut palm,landscape_plants,KL_LS_Coconut_Leaning_B,8.027 x 8.225 x 11.667,96028,Kerala_Trackside_02A1_Landscape_Plants_Blender.zip,Kerala_Trackside_02C_Landscape_GLB_01.zip,Kerala_Trackside_02C_Landscape_GLB_01/models/KL_LS_Coconut_Leaning_B.glb
KL_LS_Coconut_Leaning_B_LOD1,Leaning backwater coconut palm LOD1,landscape_plants,KL_LS_Coconut_Leaning_B_LOD1,8.027 x 8.225 x 11.667,36510,Kerala_Trackside_02A1_Landscape_Plants_Blender.zip,Kerala_Trackside_02C_Landscape_GLB_01.zip,Kerala_Trackside_02C_Landscape_GLB_01/models/KL_LS_Coconut_Leaning_B_LOD1.glb
KL_LS_Coconut_Leaning_B_LOD2,Leaning backwater coconut palm LOD2,landscape_plants,KL_LS_Coconut_Leaning_B_LOD2,8.027 x 8.225 x 11.667,13980,Kerala_Trackside_02A1_Landscape_Plants_Blender.zip,Kerala_Trackside_02C_Landscape_GLB_01.zip,Kerala_Trackside_02C_Landscape_GLB_01/models/KL_LS_Coconut_Leaning_B_LOD2.glb
KL_LS_Coconut_Juvenile_C,Young coconut palm,landscape_plants,KL_LS_Coconut_Juvenile_C,5.339 x 5.33 x 4.282,64224,Kerala_Trackside_02A1_Landscape_Plants_Blender.zip,Kerala_Trackside_02C_Landscape_GLB_01.zip,Kerala_Trackside_02C_Landscape_GLB_01/models/KL_LS_Coconut_Juvenile_C.glb
KL_LS_Coconut_Juvenile_C_LOD1,Young coconut palm LOD1,landscape_plants,KL_LS_Coconut_Juvenile_C_LOD1,5.339 x 5.33 x 4.282,24428,Kerala_Trackside_02A1_Landscape_Plants_Blender.zip,Kerala_Trackside_02C_Landscape_GLB_01.zip,Kerala_Trackside_02C_Landscape_GLB_01/models/KL_LS_Coconut_Juvenile_C_LOD1.glb
KL_LS_Coconut_Juvenile_C_LOD2,Young coconut palm LOD2,landscape_plants,KL_LS_Coconut_Juvenile_C_LOD2,5.339 x 5.33 x 4.282,9298,Kerala_Trackside_02A1_Landscape_Plants_Blender.zip,Kerala_Trackside_02C_Landscape_GLB_01.zip,Kerala_Trackside_02C_Landscape_GLB_01/models/KL_LS_Coconut_Juvenile_C_LOD2.glb
KL_LS_Jackfruit_Tree,Homestead jackfruit tree,landscape_plants,KL_LS_Jackfruit_Tree,9.365 x 8.606 x 8.412,345084,Kerala_Trackside_02A1_Landscape_Plants_Blender.zip,Kerala_Trackside_02E_Landscape_GLB_03.zip,Kerala_Trackside_02E_Landscape_GLB_03/models/KL_LS_Jackfruit_Tree.glb
KL_LS_Jackfruit_Tree_LOD1,Homestead jackfruit tree LOD1,landscape_plants,KL_LS_Jackfruit_Tree_LOD1,9.364 x 8.603 x 8.419,106388,Kerala_Trackside_02A1_Landscape_Plants_Blender.zip,Kerala_Trackside_02E_Landscape_GLB_03.zip,Kerala_Trackside_02E_Landscape_GLB_03/models/KL_LS_Jackfruit_Tree_LOD1.glb
KL_LS_Jackfruit_Tree_LOD2,Homestead jackfruit tree LOD2,landscape_plants,KL_LS_Jackfruit_Tree_LOD2,9.364 x 8.603 x 8.411,63523,Kerala_Trackside_02A1_Landscape_Plants_Blender.zip,Kerala_Trackside_02E_Landscape_GLB_03.zip,Kerala_Trackside_02E_Landscape_GLB_03/models/KL_LS_Jackfruit_Tree_LOD2.glb
KL_LS_Banana_Clump,Nendran-inspired banana clump,landscape_plants,KL_LS_Banana_Clump,5.248 x 4.896 x 4.665,55840,Kerala_Trackside_02A1_Landscape_Plants_Blender.zip,Kerala_Trackside_02C_Landscape_GLB_01.zip,Kerala_Trackside_02C_Landscape_GLB_01/models/KL_LS_Banana_Clump.glb
KL_LS_Pandanus_Clump,Pandanus-style coastal scrub,landscape_plants,KL_LS_Pandanus_Clump,2.795 x 2.755 x 2.479,10944,Kerala_Trackside_02A1_Landscape_Plants_Blender.zip,Kerala_Trackside_02E_Landscape_GLB_03.zip,Kerala_Trackside_02E_Landscape_GLB_03/models/KL_LS_Pandanus_Clump.glb
KL_LS_Colocasia_Clump,Colocasia-style wet verge foliage,landscape_plants,KL_LS_Colocasia_Clump,2.411 x 2.423 x 1.39,8190,Kerala_Trackside_02A1_Landscape_Plants_Blender.zip,Kerala_Trackside_02D_Landscape_GLB_02.zip,Kerala_Trackside_02D_Landscape_GLB_02/models/KL_LS_Colocasia_Clump.glb
KL_LS_Fern_Clump,Tropical fern understory,landscape_plants,KL_LS_Fern_Clump,1.427 x 1.616 x 0.784,20076,Kerala_Trackside_02A1_Landscape_Plants_Blender.zip,Kerala_Trackside_02D_Landscape_GLB_02.zip,Kerala_Trackside_02D_Landscape_GLB_02/models/KL_LS_Fern_Clump.glb
KL_LS_Backwater_Bank_8m,Backwater bank with coir protection,landscape_water,KL_LS_Backwater_Bank_8m,8.187 x 4.234 x 1.115,35450,Kerala_Trackside_02A2_Landscape_Water_Blender.zip,Kerala_Trackside_02C_Landscape_GLB_01.zip,Kerala_Trackside_02C_Landscape_GLB_01/models/KL_LS_Backwater_Bank_8m.glb
KL_LS_Coir_Coil_Husks,Coir rope coil and coconut husks,landscape_water,KL_LS_Coir_Coil_Husks,1.911 x 1.22 x 0.301,45020,Kerala_Trackside_02A2_Landscape_Water_Blender.zip,Kerala_Trackside_02D_Landscape_GLB_02.zip,Kerala_Trackside_02D_Landscape_GLB_02/models/KL_LS_Coir_Coil_Husks.glb
KL_LS_Country_Canoe,Small traditional country canoe,landscape_water,KL_LS_Country_Canoe,5.831 x 1.665 x 0.689,17510,Kerala_Trackside_02A2_Landscape_Water_Blender.zip,Kerala_Trackside_02D_Landscape_GLB_02.zip,Kerala_Trackside_02D_Landscape_GLB_02/models/KL_LS_Country_Canoe.glb
KL_LS_Irrigation_Bund_8m,Paddy irrigation bund and channel,landscape_water,KL_LS_Irrigation_Bund_8m,8.0 x 4.105 x 0.793,29818,Kerala_Trackside_02A2_Landscape_Water_Blender.zip,Kerala_Trackside_02D_Landscape_GLB_02.zip,Kerala_Trackside_02D_Landscape_GLB_02/models/KL_LS_Irrigation_Bund_8m.glb
KL_LS_Paddy_Green_4m,Green paddy field tile,landscape_water,KL_LS_Paddy_Green_4m,5.143 x 5.021 x 1.01,40484,Kerala_Trackside_02A2_Landscape_Water_Blender.zip,Kerala_Trackside_02E_Landscape_GLB_03.zip,Kerala_Trackside_02E_Landscape_GLB_03/models/KL_LS_Paddy_Green_4m.glb
KL_LS_Paddy_Ripe_4m,Ripening paddy field tile,landscape_water,KL_LS_Paddy_Ripe_4m,5.069 x 5.159 x 1.015,123138,Kerala_Trackside_02A2_Landscape_Water_Blender.zip,Kerala_Trackside_02E_Landscape_GLB_03.zip,Kerala_Trackside_02E_Landscape_GLB_03/models/KL_LS_Paddy_Ripe_4m.glb
KL_LS_Rice_Tuft_Green,Green rice tuft for scattering,landscape_water,KL_LS_Rice_Tuft_Green,0.768 x 0.559 x 0.758,140,Kerala_Trackside_02A2_Landscape_Water_Blender.zip,Kerala_Trackside_02E_Landscape_GLB_03.zip,Kerala_Trackside_02E_Landscape_GLB_03/models/KL_LS_Rice_Tuft_Green.glb
KL_LS_Rice_Tuft_Ripe,Ripening rice tuft for scattering,landscape_water,KL_LS_Rice_Tuft_Ripe,0.696 x 0.694 x 0.79,426,Kerala_Trackside_02A2_Landscape_Water_Blender.zip,Kerala_Trackside_02E_Landscape_GLB_03.zip,Kerala_Trackside_02E_Landscape_GLB_03/models/KL_LS_Rice_Tuft_Ripe.glb
KL_LS_Water_Hyacinth_Raft,Water hyacinth floating patch,landscape_water,KL_LS_Water_Hyacinth_Raft,1.236 x 1.34 x 0.62,17496,Kerala_Trackside_02A2_Landscape_Water_Blender.zip,Kerala_Trackside_02E_Landscape_GLB_03.zip,Kerala_Trackside_02E_Landscape_GLB_03/models/KL_LS_Water_Hyacinth_Raft.glb
KR_R01,Full location cabinet,railside,KR_R01_Full_location_cabinet,1.16 x 0.811 x 1.875,12022,Kerala_Trackside_03A_Railside_Blender.zip,Kerala_Trackside_03B_Railside_GLB_01.zip,Kerala_Trackside_03B_Railside_GLB_01/models/KR_R01_Full_location_cabinet.glb
KR_R02,Half location cabinet,railside,KR_R02_Half_location_cabinet,0.87 x 0.811 x 1.365,12898,Kerala_Trackside_03A_Railside_Blender.zip,Kerala_Trackside_03B_Railside_GLB_01.zip,Kerala_Trackside_03B_Railside_GLB_01/models/KR_R02_Half_location_cabinet.glb
KR_R03,Cable trough covered,railside,KR_R03_Cable_trough_covered,2.42006 x 0.475 x 0.342,3658,Kerala_Trackside_03A_Railside_Blender.zip,Kerala_Trackside_03B_Railside_GLB_01.zip,Kerala_Trackside_03B_Railside_GLB_01/models/KR_R03_Cable_trough_covered.glb
KR_R04,Cable trough inspection,railside,KR_R04_Cable_trough_inspection,2.42006 x 1.13784 x 0.342,3442,Kerala_Trackside_03A_Railside_Blender.zip,Kerala_Trackside_03B_Railside_GLB_01.zip,Kerala_Trackside_03B_Railside_GLB_01/models/KR_R04_Cable_trough_inspection.glb
KR_R05,Monsoon U drain,railside,KR_R05_Monsoon_U_drain,1.2 x 3.0 x 0.576,3208,Kerala_Trackside_03A_Railside_Blender.zip,Kerala_Trackside_03B_Railside_GLB_01.zip,Kerala_Trackside_03B_Railside_GLB_01/models/KR_R05_Monsoon_U_drain.glb
KR_R06,Culvert and wingwalls,railside,KR_R06_Culvert_and_wingwalls,3.78438 x 2.81 x 1.895,6170,Kerala_Trackside_03A_Railside_Blender.zip,Kerala_Trackside_03C_Railside_GLB_02.zip,Kerala_Trackside_03C_Railside_GLB_02/models/KR_R06_Culvert_and_wingwalls.glb
KR_R07,RCC wire fence,railside,KR_R07_RCC_wire_fence,3.32 x 0.325 x 1.64,13380,Kerala_Trackside_03A_Railside_Blender.zip,Kerala_Trackside_03C_Railside_GLB_02.zip,Kerala_Trackside_03C_Railside_GLB_02/models/KR_R07_RCC_wire_fence.glb
KR_R08,Kilometre marker,railside,KR_R08_Kilometre_marker,0.5 x 0.0669 x 0.7,3974,Kerala_Trackside_03A_Railside_Blender.zip,Kerala_Trackside_03C_Railside_GLB_02.zip,Kerala_Trackside_03C_Railside_GLB_02/models/KR_R08_Kilometre_marker.glb
KR_R09,Gradient marker,railside,KR_R09_Gradient_marker,0.381 x 0.0932 x 0.76,2890,Kerala_Trackside_03A_Railside_Blender.zip,Kerala_Trackside_03C_Railside_GLB_02.zip,Kerala_Trackside_03C_Railside_GLB_02/models/KR_R09_Gradient_marker.glb
KR_R10,Railway boundary stone,railside,KR_R10_Railway_boundary_stone,0.15 x 0.152 x 0.5,2218,Kerala_Trackside_03A_Railside_Blender.zip,Kerala_Trackside_03C_Railside_GLB_02.zip,Kerala_Trackside_03C_Railside_GLB_02/models/KR_R10_Railway_boundary_stone.glb
KR_R11,PSC sleeper stack,railside,KR_R11_PSC_sleeper_stack,2.77739 x 1.63 x 0.913,20628,Kerala_Trackside_03A_Railside_Blender.zip,Kerala_Trackside_03C_Railside_GLB_02.zip,Kerala_Trackside_03C_Railside_GLB_02/models/KR_R11_PSC_sleeper_stack.glb
KR_R12,P way tools and chest,railside,KR_R12_P_way_tools_and_chest,2.64636 x 1.227 x 1.36857,5064,Kerala_Trackside_03A_Railside_Blender.zip,Kerala_Trackside_03D_Railside_GLB_03.zip,Kerala_Trackside_03D_Railside_GLB_03/models/KR_R12_P_way_tools_and_chest.glb
KR_R13,P way tool store,railside,KR_R13_P_way_tool_store,3.20707 x 3.39 x 3.03057,32500,Kerala_Trackside_03A_Railside_Blender.zip,Kerala_Trackside_03D_Railside_GLB_03.zip,Kerala_Trackside_03D_Railside_GLB_03/models/KR_R13_P_way_tool_store.glb
KR_R14,Lifting barrier and lock post,railside,KR_R14_Lifting_barrier_and_lock_post,6.675 x 1.29104 x 1.335,12890,Kerala_Trackside_03A_Railside_Blender.zip,Kerala_Trackside_03D_Railside_GLB_03.zip,Kerala_Trackside_03D_Railside_GLB_03/models/KR_R14_Lifting_barrier_and_lock_post.glb
KR_U01,PSC distribution pole,utilities,KR_U01_PSC_distribution_pole,1.1 x 0.38021 x 7.5,12710,Kerala_Trackside_05A_Utilities_Blender.zip,Kerala_Trackside_05C_Utilities_GLB_01.zip,Kerala_Trackside_05C_Utilities_GLB_01/models/KR_U01_PSC_distribution_pole.glb
KR_U02,Pole mounted transformer,utilities,KR_U02_Pole_mounted_transformer,2.75 x 1.16196 x 7.5,54460,Kerala_Trackside_05A_Utilities_Blender.zip,Kerala_Trackside_05C_Utilities_GLB_01.zip,Kerala_Trackside_05C_Utilities_GLB_01/models/KR_U02_Pole_mounted_transformer.glb
KR_U03,Pole mounted roadside light,utilities,KR_U03_Pole_mounted_roadside_light,1.6169 x 0.321 x 7.50008,9082,Kerala_Trackside_05A_Utilities_Blender.zip,Kerala_Trackside_05C_Utilities_GLB_01.zip,Kerala_Trackside_05C_Utilities_GLB_01/models/KR_U03_Pole_mounted_roadside_light.glb
