station_code,evidence_date,evidence_class,scope,reported_figures,source_url,accessed_date,limitations
ERS,2023-02-08,Primary parliamentary answer,Station yard,"10 lines, including 6 platform lines",https://eparlib.sansad.in/bitstream/123456789/1470550/1/AU1047.pdf,2026-10-08,Official dated inventory; does not locate turnout endpoints or certify no changes after 2023.
ERS,2023-02-08,Primary parliamentary answer,Separate Ernakulam coaching depot,5 stabling lines; 3 pit lines,https://eparlib.sansad.in/bitstream/123456789/1470550/1/AU1047.pdf,2026-10-08,Depot is a separate facility; do not add to the ten station lines without defining geographical scope.
TVC,2015-2016 reporting year,Primary Southern Railway annual report,Carriage watering works,Road pairs 12/13 and 14/15 identified,https://sr.indianrailways.gov.in/cris/uploads/files/1688799706975-gm%20report%202015%2016.pdf,2026-10-08,Road identities historically supported; does not establish complete track total or correspondence to current OSM roads.
TVC,2024-11-07,News report,Maintenance yard,5 pit lines,https://timesofindia.indiatimes.com/city/thiruvananthapuram/thiruvananthapuram-railway-stations-face-cuts-fewer-trains-expected-after-pit-line-decrease/amp_articleshow/115060420.cms,2026-10-08,Dated reported existing count; total sidings and stabling unresolved.
ALLP,2022-07-17,IRI community compilation claiming RTI source,Maintenance facility,1 pit line,https://srv23.indiarailinfo.com/blog/post/5416065,2026-10-08,Original RTI response not recovered; historical reported inventory.
TVCN,2026-08-09,News quoting railway plans,Future final-phase works,2 additional stabling lines; 1 additional pit line,https://timesofindia.indiatimes.com/city/thiruvananthapuram/kochuveli-station-set-for-final-phase-of-master-plan/amp_articleshow/133058289.cms,2026-10-08,"Proposed/tendering additions, excluded from existing totals."
TVCS,2024-04 publication path,Primary Kerala SIA citing Southern Railway,Works done versus proposed terminal,"Works done on platforms 1,2,3; proposed 2 pit, 1 stabling and 2 sick lines",https://cmd.kerala.gov.in/wp-content/uploads/2024/04/Nemom-Terminal-English-Report-Final.pdf,2026-10-08,"Works done does not establish commissioning of all three platform positions. Does not supersede reported operating count2. Plan km227.900 differs from SR2025 centre227.70: retain distinct plan reference, not route anchor."
NCJ,Undated; 2026 upload title; 2024 plan reference,Third-party public preview of Southern Railway/RVNL sanction annexure,existing facilities,"{""passenger_roads"": 9, ""passenger_road_labels"": ""1 through 8 plus 1A"", ""pit_lines"": 5, ""ERR_lines"": 2, ""spur_lines"": 1, ""tower_wagon_lines"": 1, ""bypass_lines"": 1, ""goods_lines"": 2, ""sick_lines"": 2, ""wheel_lines"": 1, ""shunting_necks"": 1, ""platform_bodies"": 2, ""platform_body_types"": ""one single-face high-level platform and one island high-level platform"", ""numbered_platform_positions"": ""not explicitly enumerated""}",https://www.scribd.com/document/1044869637/NCJ-Annexure-a-2026,2026-10-08,"Authentication, document issue date and implementation stage unresolved. Platform figures are bodies, not numbered positions. No numerical chainages or coordinate diagram visible in the three-page preview; point labels and lettered locations only."
NCJ,Undated; 2026 upload title; 2024 plan reference,Third-party public preview of Southern Railway/RVNL sanction annexure,proposed facilities,"{""passenger_roads"": 7, ""passenger_road_labels"": ""1 through 6 plus 1A"", ""pit_lines"": 5, ""stabling_lines"": 9, ""bypass_lines"": 2, ""ERR_lines"": 2, ""spur_lines"": 1, ""goods_lines"": 2, ""wheel_lines"": 1, ""track_machine_lines"": 1, ""toilet_lines"": 1, ""sick_lines"": 4, ""shunting_necks"": 2, ""platform_bodies"": 3, ""platform_body_types"": ""one single-face high-level platform and two island high-level platforms""}",https://www.scribd.com/document/1044869637/NCJ-Annexure-a-2026,2026-10-08,"Authentication, document issue date and implementation stage unresolved. Platform figures are bodies, not numbered positions. No numerical chainages or coordinate diagram visible in the three-page preview; point labels and lettered locations only."
NCJ,2026-09-07,News interview with railway official,Proposed yard expansion,9 new stabling lines; new platform positions 4 and 5,https://indianexpress.com/article/india/tamil-nadus-nagercoil-railway-station-to-get-9-new-lines-to-handle-more-trains-10866856/lite/,2026-10-08,"Corroborates scope of proposed annexure stage, not completion."
