station_code,iri_profile_id,iri_heading_station_code,iri_heading_raw,iri_reported_platforms,iri_platform_field_raw,iri_track_category_raw,iri_reported_tracks,iri_reported_running_lines,iri_reported_loops,iri_reported_sidings,iri_profile_updated_raw,iri_profile_update_is_platform_confirmation,iri_accessed_date,iri_source_url,iri_retrieval_method,iri_numeric_id_and_heading_identity_verified,iri_current_operational_inventory_verified,iri_count_notes,iri_platform_history_date_raw,iri_history_url,iri_history_findings,wikipedia_comparison,official_chainage_iri_check,yard_totals_iri_check,route_status_assessment,iri_profile_update_year_explicit,iri_source_reference,iri_search_index_crawl_age_raw,iri_slug_identity_status,iri_source_evidence_file,iri_profile_updated_iso_local,iri_profile_updated_timezone,comparison_wikipedia_platforms,comparison_wikipedia_platform_source,comparison_wikipedia_revision_timestamp,comparison_wikipedia_platform_agreement,iri_explicit_platform_field_update_raw,iri_timeline_evidence_url,iri_platform_count_basis,iri_conflict_notes,iri_indexed_profile_updated_raw,iri_live_verification_note,iri_indexed_profile_updated_iso_local
ERS,52,ERS,Station code ERS and (6 PFs) read in profile heading; spelling follows source URL,6,Number of Platforms: 6,Track: Double Electric-Line,NOT_STATED,NOT_STATED,NOT_STATED,NOT_STATED,Mar 11 2023 (19:40),False,2026-10-08,https://indiarailinfo.com/station/map/ernakulam-junction-south-ers/52,Indexed full station profile returned by web search,True,False,"Profile platform total explicitly supplied; track category is not a yard-road total. Numerical tracks, loops and sidings are not stated in profile. Profile update date may concern address/category and does not date every field.",NOT_ESTABLISHED,,No count-specific history date established; profile timestamp not treated as platform update date.,AGREES,Profile does not supply official station-centre chainage; primary SR2025 value retained.,Numeric station tracks/loops/sidings NOT_STATED in inspected profile; no IRI corroboration claimed for Wikipedia totals or mapped counts.,IRI station category double applies to junction context; coastal ERS-AMPA branch remains single baseline with doubling works.,,,,,,,,,,,,,,,,,,
TNU,6542,TNU,Station code TNU and (1 PFs) read in profile heading; spelling follows source URL,1,Number of Platforms: 1,Track: Construction - Electric-Line Doubling,NOT_STATED,NOT_STATED,NOT_STATED,NOT_STATED,Apr 26 2020 (18:06),False,2026-10-08,https://indiarailinfo.com/station/gallery/videos-pictures-tirunettur-tnu/6542,Indexed full station profile returned by web search,True,False,"Profile platform total explicitly supplied; track category is not a yard-road total. Numerical tracks, loops and sidings are not stated in profile. Profile update date may concern address/category and does not date every field.",NOT_ESTABLISHED,https://indiarailinfo.com/station/timeline/edits-chottanikkara-road-kfe/6542,April2020 update concerns name/address. Historical one-platform profile does not reopen the station closed in2017.,NO_WIKIPEDIA_FIGURE,Profile does not supply official station-centre chainage; primary SR2025 value retained.,Numeric station tracks/loops/sidings NOT_STATED in inspected profile; no IRI corroboration claimed for Wikipedia totals or mapped counts.,IRI construction/doubling category agrees work-in-progress corridor; does not establish second line operational.,,,,,,,,,,,,,,,,,,
KUMM,6543,KUMM,Station code KUMM and (1 PFs) read in profile heading; spelling follows source URL,1,Number of Platforms: 1,Track: Construction - Electric-Line Doubling,NOT_STATED,NOT_STATED,NOT_STATED,NOT_STATED,"Mar 09 (02:10), year not exposed",False,2026-10-08,https://indiarailinfo.com/station/map/kumbalam-kumm/6543,Indexed full station profile returned by web search,True,False,"Profile platform total explicitly supplied; track category is not a yard-road total. Numerical tracks, loops and sidings are not stated in profile. Profile update date may concern address/category and does not date every field.",NOT_ESTABLISHED,,No count-specific history date established; profile timestamp not treated as platform update date.,NO_WIKIPEDIA_FIGURE,Profile does not supply official station-centre chainage; primary SR2025 value retained.,Numeric station tracks/loops/sidings NOT_STATED in inspected profile; no IRI corroboration claimed for Wikipedia totals or mapped counts.,IRI construction/doubling category agrees work-in-progress corridor; does not establish second line operational.,,,,,,,,,,,,,,,,,,
AROR,6544,AROR,Station code AROR and (1 PFs) read in profile heading; spelling follows source URL,1,Number of Platforms: 1,Track: Construction - Electric-Line Doubling,NOT_STATED,NOT_STATED,NOT_STATED,NOT_STATED,"Mar 09 (02:22), year not exposed",False,2026-10-08,https://indiarailinfo.com/station/map/aroor-halt-aror/6544,Indexed full station profile returned by web search,True,False,"Profile platform total explicitly supplied; track category is not a yard-road total. Numerical tracks, loops and sidings are not stated in profile. Profile update date may concern address/category and does not date every field.",NOT_ESTABLISHED,,No count-specific history date established; profile timestamp not treated as platform update date.,NO_WIKIPEDIA_FIGURE,Profile does not supply official station-centre chainage; primary SR2025 value retained.,Numeric station tracks/loops/sidings NOT_STATED in inspected profile; no IRI corroboration claimed for Wikipedia totals or mapped counts.,IRI construction/doubling category agrees work-in-progress corridor; does not establish second line operational.,,,,,,,,,,,,,,,,,,
EZP,6545,EZP,Station code EZP and (1 PFs) read in profile heading; spelling follows source URL,1,Number of Platforms: 1,Track: Construction - Electric-Line Doubling,NOT_STATED,NOT_STATED,NOT_STATED,NOT_STATED,"Mar 23 (02:59), year not exposed",False,2026-10-08,https://indiarailinfo.com/station/map/6545,Indexed full station profile returned by web search,True,False,"Profile platform total explicitly supplied; track category is not a yard-road total. Numerical tracks, loops and sidings are not stated in profile. Profile update date may concern address/category and does not date every field.",2013-07-02 20:46,https://indiarailinfo.com/station/timeline/edits-cherthala-sherthalai-srtl/6545,"Explicit platform entry says1. Recent March23 profile edit is Name & Address, not platform confirmation.",NO_WIKIPEDIA_FIGURE,Profile does not supply official station-centre chainage; primary SR2025 value retained.,Numeric station tracks/loops/sidings NOT_STATED in inspected profile; no IRI corroboration claimed for Wikipedia totals or mapped counts.,IRI construction/doubling category agrees work-in-progress corridor; does not establish second line operational.,,,,,,,,,,,,,,,,,,
TUVR,436,TUVR,Station code TUVR and (2 PFs) read in profile heading; spelling follows source URL,2,Number of Platforms: 2,Track: Construction - Electric-Line Doubling,NOT_STATED,NOT_STATED,NOT_STATED,NOT_STATED,Jun 27 2025 (15:53),False,2026-10-08,https://indiarailinfo.com/station/map/turavur-tuvr/436,Indexed full station profile returned by web search,True,False,"Profile platform total explicitly supplied; track category is not a yard-road total. Numerical tracks, loops and sidings are not stated in profile. Profile update date may concern address/category and does not date every field.",NOT_ESTABLISHED,,No count-specific history date established; profile timestamp not treated as platform update date.,AGREES,Profile does not supply official station-centre chainage; primary SR2025 value retained.,Numeric station tracks/loops/sidings NOT_STATED in inspected profile; no IRI corroboration claimed for Wikipedia totals or mapped counts.,IRI construction/doubling category agrees work-in-progress corridor; does not establish second line operational.,,,,,,,,,,,,,,,,,,
VAY,6546,VAY,Station code VAY and (1 PFs) read in profile heading; spelling follows source URL,1,Number of Platforms: 1,Track: Construction - Electric-Line Doubling,NOT_STATED,NOT_STATED,NOT_STATED,NOT_STATED,NOT_EXPOSED,False,2026-10-08,https://srv23.indiarailinfo.com/station/map/vayalar-vay/6546,Indexed full station profile returned by web search,True,False,"Profile platform total explicitly supplied; track category is not a yard-road total. Numerical tracks, loops and sidings are not stated in profile. Profile update date may concern address/category and does not date every field.",NOT_ESTABLISHED,,No count-specific history date established; profile timestamp not treated as platform update date.,NO_WIKIPEDIA_FIGURE,Profile does not supply official station-centre chainage; primary SR2025 value retained.,Numeric station tracks/loops/sidings NOT_STATED in inspected profile; no IRI corroboration claimed for Wikipedia totals or mapped counts.,IRI construction/doubling category agrees work-in-progress corridor; does not establish second line operational.,,,,,,,,,,,,,,,,,,
SRTL,53,SRTL,Station code SRTL and (3 PFs) read in profile heading; spelling follows source URL,3,Number of Platforms: 3,Track: Construction - Electric-Line Doubling,NOT_STATED,NOT_STATED,NOT_STATED,NOT_STATED,Jun 27 2025 (15:52),False,2026-10-08,https://indiarailinfo.com/station/map/tiruvizha-trvz/53,Indexed full station profile returned by web search,True,False,"Profile platform total explicitly supplied; track category is not a yard-road total. Numerical tracks, loops and sidings are not stated in profile. Profile update date may concern address/category and does not date every field.",NOT_ESTABLISHED,,No count-specific history date established; profile timestamp not treated as platform update date.,AGREES,Profile does not supply official station-centre chainage; primary SR2025 value retained.,Numeric station tracks/loops/sidings NOT_STATED in inspected profile; no IRI corroboration claimed for Wikipedia totals or mapped counts.,IRI construction/doubling category agrees work-in-progress corridor; does not establish second line operational.,,,,,,,,,,,,,,,,,,
TRVZ,7214,TRVZ,Station code TRVZ and (1 PFs) read in profile heading; spelling follows source URL,1,Number of Platforms: 1,Track: Construction - Electric-Line Doubling,NOT_STATED,NOT_STATED,NOT_STATED,NOT_STATED,Dec 06 2024 (20:53),False,2026-10-08,https://indiarailinfo.com/station/map/tiruvizha-trvz/7214,Indexed full station profile returned by web search,True,False,"Profile platform total explicitly supplied; track category is not a yard-road total. Numerical tracks, loops and sidings are not stated in profile. Profile update date may concern address/category and does not date every field.",NOT_ESTABLISHED,,No count-specific history date established; profile timestamp not treated as platform update date.,NO_WIKIPEDIA_FIGURE,Profile does not supply official station-centre chainage; primary SR2025 value retained.,Numeric station tracks/loops/sidings NOT_STATED in inspected profile; no IRI corroboration claimed for Wikipedia totals or mapped counts.,IRI construction/doubling category agrees work-in-progress corridor; does not establish second line operational.,,,,,,,,,,,,,,,,,,
MAKM,1784,MAKM,Station code MAKM and (2 PFs) read in profile heading; spelling follows source URL,2,Number of Platforms: 2,Track: Construction - Electric-Line Doubling,NOT_STATED,NOT_STATED,NOT_STATED,NOT_STATED,Jun 27 2025 (15:55),False,2026-10-08,https://d.indiarailinfo.com/station/map/mararikkulam-makm/1784,Indexed full station profile returned by web search,True,False,"Profile platform total explicitly supplied; track category is not a yard-road total. Numerical tracks, loops and sidings are not stated in profile. Profile update date may concern address/category and does not date every field.",2021-11-23 15:17,https://indiarailinfo.com/station/timeline/edits-alappuzha-alleppey-allp/1784,"History shows platform count 1 to 2. Entry4640430 is marked Duplicate, so it records community history rather than independent field confirmation.",AGREES,Profile does not supply official station-centre chainage; primary SR2025 value retained.,Numeric station tracks/loops/sidings NOT_STATED in inspected profile; no IRI corroboration claimed for Wikipedia totals or mapped counts.,IRI construction/doubling category agrees work-in-progress corridor; does not establish second line operational.,,,,,,,,,,,,,,,,,,
KAVR,6547,KAVR,Station code KAVR and (1 PFs) read in profile heading; spelling follows source URL,1,Number of Platforms: 1,Track: Construction - Electric-Line Doubling,NOT_STATED,NOT_STATED,NOT_STATED,NOT_STATED,"Mar 10 (01:53), year not exposed",False,2026-10-08,https://indiarailinfo.com/station/map/turavur-tuvr/6547,Indexed full station profile returned by web search,True,False,"Profile platform total explicitly supplied; track category is not a yard-road total. Numerical tracks, loops and sidings are not stated in profile. Profile update date may concern address/category and does not date every field.",NOT_ESTABLISHED,,No count-specific history date established; profile timestamp not treated as platform update date.,NO_WIKIPEDIA_FIGURE,Profile does not supply official station-centre chainage; primary SR2025 value retained.,Numeric station tracks/loops/sidings NOT_STATED in inspected profile; no IRI corroboration claimed for Wikipedia totals or mapped counts.,IRI construction/doubling category agrees work-in-progress corridor; does not establish second line operational.,,,,,,,,,,,,,,,,,,
TMPY,6548,TMPY,Station code TMPY and (1 PFs) read in profile heading; spelling follows source URL,1,Number of Platforms: 1,Track: Construction - Electric-Line Doubling,NOT_STATED,NOT_STATED,NOT_STATED,NOT_STATED,Oct 01 2024 (19:10),False,2026-10-08,https://m.indiarailinfo.com/station/map/tumboli-tmpy/6548,Indexed full station profile returned by web search,True,False,"Profile platform total explicitly supplied; track category is not a yard-road total. Numerical tracks, loops and sidings are not stated in profile. Profile update date may concern address/category and does not date every field.",NOT_ESTABLISHED,,No count-specific history date established; profile timestamp not treated as platform update date.,NO_WIKIPEDIA_FIGURE,Profile does not supply official station-centre chainage; primary SR2025 value retained.,Numeric station tracks/loops/sidings NOT_STATED in inspected profile; no IRI corroboration claimed for Wikipedia totals or mapped counts.,IRI construction/doubling category agrees work-in-progress corridor; does not establish second line operational.,,,,,,,,,,,,,,,,,,
ALLP,54,ALLP,Station code ALLP and (3 PFs) read in profile heading; spelling follows source URL,3,Number of Platforms: 3,Track: Construction - Electric-Line Doubling,NOT_STATED,NOT_STATED,NOT_STATED,NOT_STATED,Sep 27 2025 (19:00),False,2026-10-08,https://indiarailinfo.com/station/map/alappuzha-alleppey-allp/54,Indexed full station profile returned by web search,True,False,"Profile platform total explicitly supplied; track category is not a yard-road total. Numerical tracks, loops and sidings are not stated in profile. Profile update date may concern address/category and does not date every field.","Jun 01 (13:13), year not exposed",https://indiarailinfo.com/station/timeline/edits-alappuzha-alleppey-allp/54,"Attempted count3 to5 (entry9193977) was immediately reverted5 to3 (entry9193979); comment calls attempted change wrong. Adopt current profile3, exclude reverted5.",AGREES,Profile does not supply official station-centre chainage; primary SR2025 value retained.,Numeric station tracks/loops/sidings NOT_STATED in inspected profile; no IRI corroboration claimed for Wikipedia totals or mapped counts.,IRI construction/doubling category agrees work-in-progress corridor; does not establish second line operational.,,,,,,,,,,,,,,,,,,
PNPR,7373,PNPR,Station code PNPR and (1 PFs) read in profile heading; spelling follows source URL,1,Number of Platforms: 1,Track: Construction - Electric-Line Doubling,NOT_STATED,NOT_STATED,NOT_STATED,NOT_STATED,Oct 02 2024 (22:58),False,2026-10-08,https://indiarailinfo.com/station/map/tiruvizha-trvz/7373,Indexed full station profile returned by web search,True,False,"Profile platform total explicitly supplied; track category is not a yard-road total. Numerical tracks, loops and sidings are not stated in profile. Profile update date may concern address/category and does not date every field.",NOT_ESTABLISHED,,No count-specific history date established; profile timestamp not treated as platform update date.,NO_WIKIPEDIA_FIGURE,Profile does not supply official station-centre chainage; primary SR2025 value retained.,Numeric station tracks/loops/sidings NOT_STATED in inspected profile; no IRI corroboration claimed for Wikipedia totals or mapped counts.,IRI construction/doubling category agrees work-in-progress corridor; does not establish second line operational.,,,,,,,,,,,,,,,,,,
AMPA,55,AMPA,Station code AMPA and (3 PFs) read in profile heading; spelling follows source URL,3,Number of Platforms: 3,Track: Construction - Electric-Line Doubling,NOT_STATED,NOT_STATED,NOT_STATED,NOT_STATED,Sep 18 2024 (00:09),False,2026-10-08,https://indiarailinfo.com/station/map/ambalappuzha-ampa/55,Indexed full station profile returned by web search,True,False,"Profile platform total explicitly supplied; track category is not a yard-road total. Numerical tracks, loops and sidings are not stated in profile. Profile update date may concern address/category and does not date every field.",NOT_ESTABLISHED,,No count-specific history date established; profile timestamp not treated as platform update date.,AGREES,Profile does not supply official station-centre chainage; primary SR2025 value retained.,Numeric station tracks/loops/sidings NOT_STATED in inspected profile; no IRI corroboration claimed for Wikipedia totals or mapped counts.,Boundary station: IRI construction/doubling label coexists with completed double line south to HAD; no exact turnout boundary supplied.,,,,,,,,,,,,,,,,,,
TZH,9793,TZH,Station code TZH and (2 PFs) read in profile heading; spelling follows source URL,2,Number of Platforms: 2,Track: Double Electric-Line,NOT_STATED,NOT_STATED,NOT_STATED,NOT_STATED,Dec 06 2024 (21:09),False,2026-10-08,https://d.indiarailinfo.com/station/map/takazhi-tzh/9793,Indexed full station profile returned by web search,True,False,"Profile platform total explicitly supplied; track category is not a yard-road total. Numerical tracks, loops and sidings are not stated in profile. Profile update date may concern address/category and does not date every field.",2024-06-22 07:59,https://indiarailinfo.com/station/timeline/edits-ambalappuzha-ampa/9793,Platform count explicitly changed from 1 to 2; entry6625866/blog6102727. Matches two OSM side platforms.,DISAGREES,Profile does not supply official station-centre chainage; primary SR2025 value retained.,Numeric station tracks/loops/sidings NOT_STATED in inspected profile; no IRI corroboration claimed for Wikipedia totals or mapped counts.,IRI double-line category agrees primary named-section baseline; not a complete yard inventory.,,,,,,,,,,,,,,,,,,
KVTA,6540,KVTA,Station code KVTA and (2 PFs) read in profile heading; spelling follows source URL,2,Number of Platforms: 2,Track: Double Electric-Line,NOT_STATED,NOT_STATED,NOT_STATED,NOT_STATED,Sep 22 2024 (09:15),False,2026-10-08,https://d.indiarailinfo.com/station/map/karuvatta-halt-kvta/6540,Indexed full station profile returned by web search,True,False,"Profile platform total explicitly supplied; track category is not a yard-road total. Numerical tracks, loops and sidings are not stated in profile. Profile update date may concern address/category and does not date every field.",NOT_ESTABLISHED,,No count-specific history date established; profile timestamp not treated as platform update date.,NO_WIKIPEDIA_FIGURE,Profile does not supply official station-centre chainage; primary SR2025 value retained.,Numeric station tracks/loops/sidings NOT_STATED in inspected profile; no IRI corroboration claimed for Wikipedia totals or mapped counts.,IRI double-line category agrees primary named-section baseline; not a complete yard inventory.,,,,,,,,,,,,,,,,,,
HAD,56,HAD,Station code HAD and (2 PFs) read in profile heading; spelling follows source URL,2,Number of Platforms: 2,Track: Double Electric-Line,NOT_STATED,NOT_STATED,NOT_STATED,NOT_STATED,Jul 16 2025 (17:19),False,2026-10-08,https://indiarailinfo.com/station/map/harippad-had/56,Indexed full station profile returned by web search,True,False,"Profile platform total explicitly supplied; track category is not a yard-road total. Numerical tracks, loops and sidings are not stated in profile. Profile update date may concern address/category and does not date every field.",NOT_ESTABLISHED,,No count-specific history date established; profile timestamp not treated as platform update date.,AGREES,Profile does not supply official station-centre chainage; primary SR2025 value retained.,Numeric station tracks/loops/sidings NOT_STATED in inspected profile; no IRI corroboration claimed for Wikipedia totals or mapped counts.,IRI double-line category agrees primary named-section baseline; not a complete yard inventory.,,,,,,,,,,,,,,,,,,
CHPD,6541,CHPD,Station code CHPD and (3 PFs) read in profile heading; spelling follows source URL,3,Number of Platforms: 3,Track: Double Electric-Line,NOT_STATED,NOT_STATED,NOT_STATED,NOT_STATED,NOT_EXPOSED,False,2026-10-08,https://indiarailinfo.com/station/blog/cheppad-halt-chpd/6541,Indexed full station profile returned by web search,True,False,"Profile platform total explicitly supplied; track category is not a yard-road total. Numerical tracks, loops and sidings are not stated in profile. Profile update date may concern address/category and does not date every field.",NOT_ESTABLISHED,,No count-specific history date established; profile timestamp not treated as platform update date.,NO_WIKIPEDIA_FIGURE,Profile does not supply official station-centre chainage; primary SR2025 value retained.,Numeric station tracks/loops/sidings NOT_STATED in inspected profile; no IRI corroboration claimed for Wikipedia totals or mapped counts.,IRI double-line category agrees primary named-section baseline; not a complete yard inventory.,,,,,,,,,,,,,,,,,,
KYJ,57,KYJ,Station code KYJ and (5 PFs) read in profile heading; spelling follows source URL,5,Number of Platforms: 5,Track: Double Electric-Line,NOT_STATED,NOT_STATED,NOT_STATED,NOT_STATED,Jan 16 2023 (11:07),False,2026-10-08,https://m.indiarailinfo.com/station/map/57,Indexed full station profile returned by web search,True,False,"Profile platform total explicitly supplied; track category is not a yard-road total. Numerical tracks, loops and sidings are not stated in profile. Profile update date may concern address/category and does not date every field.",NOT_ESTABLISHED,,No count-specific history date established; profile timestamp not treated as platform update date.,AGREES,Profile does not supply official station-centre chainage; primary SR2025 value retained.,Numeric station tracks/loops/sidings NOT_STATED in inspected profile; no IRI corroboration claimed for Wikipedia totals or mapped counts.,IRI double-line category agrees primary named-section baseline; not a complete yard inventory.,,,,,,,,,,,,,,,,,,
OCR,6536,OCR,OCR/Ochira (2 PFs),2,Number of Platforms: 2,Track: Double Electric-Line,NOT_STATED,NOT_STATED,NOT_STATED,NOT_STATED,Jul 29 2020 (22:01),False,2026-10-08,https://d.indiarailinfo.com/station/map/ochira-ocr/6536,Indexed full station profile returned by web search,True,False,"Number of Platforms is the profile's stated platform total. Track: Double Electric-Line is a section category, not a count of all tracks within station limits. Numerical station running-line, loop, siding and total-track counts are not stated in the inspected profile. Profile update date is not assumed to date the platform figure.",NOT_ESTABLISHED,,No count-specific history date established; profile timestamp not treated as platform update date.,AGREES,Profile does not supply official station-centre chainage; primary SR2025 value retained.,Numeric station tracks/loops/sidings NOT_STATED in inspected profile; no IRI corroboration claimed for Wikipedia totals or mapped counts.,IRI double-line category agrees primary named-section baseline; not a complete yard inventory.,2020,turn209search2,4 months ago,Heading and numeric ID agree; no contradictory named slug selected,sources/iri_middle_batch1_2026-10-08.txt,2020-07-29T22:01,NOT_EXPOSED,2,https://en.wikipedia.org/w/index.php?oldid=1376863846,2026-09-26T17:44:44Z,AGREES,NOT_RECOVERED,NOT_REVIEWED_SEPARATELY,IRI Number of Platforms field; do not automatically equate to platform bodies or uninterrupted boarding faces,No numeric Wikipedia platform discrepancy found in the existing register.,,,
KPY,570,KPY,KPY/Karunagappalli (3 PFs),3,Number of Platforms: 3,Track: Double Electric-Line,NOT_STATED,NOT_STATED,NOT_STATED,NOT_STATED,Oct 04 2024 (22:33),False,2026-10-08,https://indiarailinfo.com/station/map/karunagappalli-kpy/570,Indexed full station profile returned by web search,True,False,"Number of Platforms is the profile's stated platform total. Track: Double Electric-Line is a section category, not a count of all tracks within station limits. Numerical station running-line, loop, siding and total-track counts are not stated in the inspected profile. Profile update date is not assumed to date the platform figure.",NOT_ESTABLISHED,,No count-specific history date established; profile timestamp not treated as platform update date.,AGREES,Profile does not supply official station-centre chainage; primary SR2025 value retained.,Numeric station tracks/loops/sidings NOT_STATED in inspected profile; no IRI corroboration claimed for Wikipedia totals or mapped counts.,IRI double-line category agrees primary named-section baseline; not a complete yard inventory.,2024,turn209search1,4 months ago,Heading and numeric ID agree; no contradictory named slug selected,sources/iri_middle_batch1_2026-10-08.txt,2024-10-04T22:33,NOT_EXPOSED,3,https://en.wikipedia.org/w/index.php?oldid=1373087863,2026-09-04T00:24:13Z,AGREES,NOT_RECOVERED,NOT_REVIEWED_SEPARATELY,IRI Number of Platforms field; do not automatically equate to platform bodies or uninterrupted boarding faces,No numeric Wikipedia platform discrepancy found in the existing register.,,,
STKT,2763,STKT,STKT/Sasthankotta (2 PFs),2,Number of Platforms: 2,Track: Double Electric-Line,NOT_STATED,NOT_STATED,NOT_STATED,NOT_STATED,Sep 22 2024 (09:14),False,2026-10-08,https://d.indiarailinfo.com/station/map/sasthankotta-stkt/2763,Indexed full station profile returned by web search,True,False,"Number of Platforms is the profile's stated platform total. Track: Double Electric-Line is a section category, not a count of all tracks within station limits. Numerical station running-line, loop, siding and total-track counts are not stated in the inspected profile. Profile update date is not assumed to date the platform figure.",NOT_ESTABLISHED,,No count-specific history date established; profile timestamp not treated as platform update date.,AGREES,Profile does not supply official station-centre chainage; primary SR2025 value retained.,Numeric station tracks/loops/sidings NOT_STATED in inspected profile; no IRI corroboration claimed for Wikipedia totals or mapped counts.,IRI double-line category agrees primary named-section baseline; not a complete yard inventory.,2024,turn209search3,4 months ago,Heading and numeric ID agree; no contradictory named slug selected,sources/iri_middle_batch1_2026-10-08.txt,2024-09-22T09:14,NOT_EXPOSED,2,https://en.wikipedia.org/w/index.php?oldid=1370896931,2026-08-23T16:50:22Z,AGREES,NOT_RECOVERED,NOT_REVIEWED_SEPARATELY,IRI Number of Platforms field; do not automatically equate to platform bodies or uninterrupted boarding faces,No numeric Wikipedia platform discrepancy found in the existing register.,,,
MQO,2781,MQO,MQO/Munroturuttu (2 PFs),2,Number of Platforms: 2,Track: Double Electric-Line,NOT_STATED,NOT_STATED,NOT_STATED,NOT_STATED,May 29 2020 (12:28),False,2026-10-08,https://indiarailinfo.com/station/map/munroturuttu-mqo/2781,Indexed full station profile returned by web search,True,False,"Number of Platforms is the profile's stated platform total. Track: Double Electric-Line is a section category, not a count of all tracks within station limits. Numerical station running-line, loop, siding and total-track counts are not stated in the inspected profile. Profile update date is not assumed to date the platform figure.",NOT_ESTABLISHED,,No count-specific history date established; profile timestamp not treated as platform update date.,AGREES,Profile does not supply official station-centre chainage; primary SR2025 value retained.,Numeric station tracks/loops/sidings NOT_STATED in inspected profile; no IRI corroboration claimed for Wikipedia totals or mapped counts.,IRI double-line category agrees primary named-section baseline; not a complete yard inventory.,2020,turn209search0,4 months ago,Heading and numeric ID agree; no contradictory named slug selected,sources/iri_middle_batch1_2026-10-08.txt,2020-05-29T12:28,NOT_EXPOSED,2,https://en.wikipedia.org/w/index.php?oldid=1376920840,2026-09-27T00:32:02Z,AGREES,NOT_RECOVERED,NOT_REVIEWED_SEPARATELY,IRI Number of Platforms field; do not automatically equate to platform bodies or uninterrupted boarding faces,No numeric Wikipedia platform discrepancy found in the existing register.,,,
PRND,6537,PRND,PRND/Perinad (2 PFs),2,Number of Platforms: 2,Track: Double Electric-Line,NOT_STATED,NOT_STATED,NOT_STATED,NOT_STATED,Jul 29 2020 (22:04),False,2026-10-08,https://indiarailinfo.com/station/map/perinad-prnd/6537,Indexed full station profile returned by web search,True,False,"Number of Platforms is the profile's stated platform total. Track: Double Electric-Line is a section category, not a count of all tracks within station limits. Numerical station running-line, loop, siding and total-track counts are not stated in the inspected profile. Profile update date is not assumed to date the platform figure.",NOT_ESTABLISHED,,No count-specific history date established; profile timestamp not treated as platform update date.,AGREES,Profile does not supply official station-centre chainage; primary SR2025 value retained.,Numeric station tracks/loops/sidings NOT_STATED in inspected profile; no IRI corroboration claimed for Wikipedia totals or mapped counts.,IRI double-line category agrees primary named-section baseline; not a complete yard inventory.,2020,turn210search1,4 months ago,Heading and numeric ID agree; no contradictory named slug selected,sources/iri_middle_batch2_2026-10-08.txt,2020-07-29T22:04,NOT_EXPOSED,2,https://en.wikipedia.org/w/index.php?oldid=1370811459,2026-08-23T05:31:04Z,AGREES,NOT_RECOVERED,NOT_REVIEWED_SEPARATELY,IRI Number of Platforms field; do not automatically equate to platform bodies or uninterrupted boarding faces,No numeric Wikipedia platform discrepancy found in the existing register.,,,
QLN,58,QLN,QLN/Kollam Junction (Quilon) (6 PFs),6,Number of Platforms: 6,Track: Double Electric-Line,NOT_STATED,NOT_STATED,NOT_STATED,NOT_STATED,Sep 10 2024 (20:41),False,2026-10-08,https://indiarailinfo.com/station/map/58?a=1,Indexed full station profile returned by web search,True,False,"Number of Platforms is the profile's stated platform total. Track: Double Electric-Line is a section category, not a count of all tracks within station limits. Numerical station running-line, loop, siding and total-track counts are not stated in the inspected profile. Profile update date is not assumed to date the platform figure. Wikipedia enumerates six platform positions (1A,1,2,3,4,5); IRI total agrees but does not itself establish six separate physical platform bodies or uninterrupted edges.",NOT_ESTABLISHED,,No count-specific history date established; profile timestamp not treated as platform update date.,AGREES,Profile does not supply official station-centre chainage; primary SR2025 value retained.,Numeric station tracks/loops/sidings NOT_STATED in inspected profile; no IRI corroboration claimed for Wikipedia totals or mapped counts.,IRI double-line category agrees primary named-section baseline; not a complete yard inventory.,2024,turn210search3,4 months ago,Heading and numeric ID agree; no contradictory named slug selected,sources/iri_middle_batch2_2026-10-08.txt,2024-09-10T20:41,NOT_EXPOSED,6,https://en.wikipedia.org/w/index.php?oldid=1376697868,2026-09-25T18:50:05Z,AGREES,NOT_RECOVERED,NOT_REVIEWED_SEPARATELY,IRI Number of Platforms field; do not automatically equate to platform bodies or uninterrupted boarding faces,No numeric Wikipedia platform discrepancy found in the existing register.,,,
IRP,3522,IRP,IRP/Iravipuram (2 PFs),2,Number of Platforms: 2,Track: Double Electric-Line,NOT_STATED,NOT_STATED,NOT_STATED,NOT_STATED,Sep 22 2024 (11:26),False,2026-10-08,https://indiarailinfo.com/station/map/3522,Indexed full station profile returned by web search,True,False,"Number of Platforms is the profile's stated platform total. Track: Double Electric-Line is a section category, not a count of all tracks within station limits. Numerical station running-line, loop, siding and total-track counts are not stated in the inspected profile. Profile update date is not assumed to date the platform figure.",NOT_ESTABLISHED,,No count-specific history date established; profile timestamp not treated as platform update date.,AGREES,Profile does not supply official station-centre chainage; primary SR2025 value retained.,Numeric station tracks/loops/sidings NOT_STATED in inspected profile; no IRI corroboration claimed for Wikipedia totals or mapped counts.,IRI double-line category agrees primary named-section baseline; not a complete yard inventory.,2024,turn210search2,5 months ago,Heading and numeric ID agree; no contradictory named slug selected,sources/iri_middle_batch2_2026-10-08.txt,2024-09-22T11:26,NOT_EXPOSED,2,https://en.wikipedia.org/w/index.php?oldid=1370914859,2026-08-23T18:07:34Z,AGREES,NOT_RECOVERED,NOT_REVIEWED_SEPARATELY,IRI Number of Platforms field; do not automatically equate to platform bodies or uninterrupted boarding faces,No numeric Wikipedia platform discrepancy found in the existing register.,,,
MYY,2767,MYY,MYY/Mayyanad (2 PFs),2,Number of Platforms: 2,Track: Double Electric-Line,NOT_STATED,NOT_STATED,NOT_STATED,NOT_STATED,Sep 22 2024 (12:18),False,2026-10-08,https://indiarailinfo.com/station/map/mayyanad-myy/2767,Indexed full station profile returned by web search,True,False,"Number of Platforms is the profile's stated platform total. Track: Double Electric-Line is a section category, not a count of all tracks within station limits. Numerical station running-line, loop, siding and total-track counts are not stated in the inspected profile. Profile update date is not assumed to date the platform figure.",NOT_ESTABLISHED,,No count-specific history date established; profile timestamp not treated as platform update date.,AGREES,Profile does not supply official station-centre chainage; primary SR2025 value retained.,Numeric station tracks/loops/sidings NOT_STATED in inspected profile; no IRI corroboration claimed for Wikipedia totals or mapped counts.,IRI double-line category agrees primary named-section baseline; not a complete yard inventory.,2024,turn210search0,5 months ago,Heading and numeric ID agree; no contradictory named slug selected,sources/iri_middle_batch2_2026-10-08.txt,2024-09-22T12:18,NOT_EXPOSED,2,https://en.wikipedia.org/w/index.php?oldid=1376811754,2026-09-26T10:22:42Z,AGREES,NOT_RECOVERED,NOT_REVIEWED_SEPARATELY,IRI Number of Platforms field; do not automatically equate to platform bodies or uninterrupted boarding faces,No numeric Wikipedia platform discrepancy found in the existing register.,,,
PVU,1014,PVU,PVU/Paravur (3 PFs),3,Number of Platforms: 3,Track: Double Electric-Line,NOT_STATED,NOT_STATED,NOT_STATED,NOT_STATED,Sep 22 2024 (09:13),False,2026-10-08,https://indiarailinfo.com/station/map/paravur-pvu/1014,Indexed full station profile returned by web search,True,False,"Number of Platforms is the profile's stated platform total. Track: Double Electric-Line is a section category, not a count of all tracks within station limits. Numerical station running-line, loop, siding and total-track counts are not stated in the inspected profile. Profile update date is not assumed to date the platform figure.",NOT_ESTABLISHED,,No count-specific history date established; profile timestamp not treated as platform update date.,AGREES,Profile does not supply official station-centre chainage; primary SR2025 value retained.,Numeric station tracks/loops/sidings NOT_STATED in inspected profile; no IRI corroboration claimed for Wikipedia totals or mapped counts.,IRI double-line category agrees primary named-section baseline; not a complete yard inventory.,2024,turn212search0,4 months ago,Heading and numeric ID agree; no contradictory named slug selected,sources/iri_middle_batch3_2026-10-08.txt,2024-09-22T09:13,NOT_EXPOSED,3,https://en.wikipedia.org/w/index.php?oldid=1376799028,2026-09-26T07:51:10Z,AGREES,NOT_RECOVERED,NOT_REVIEWED_SEPARATELY,IRI Number of Platforms field; do not automatically equate to platform bodies or uninterrupted boarding faces,No numeric Wikipedia platform discrepancy found in the existing register.,,,
KFI,3523,KFI,KFI/Kappil (2 PFs),2,Number of Platforms: 2,Track: Double Electric-Line,NOT_STATED,NOT_STATED,NOT_STATED,NOT_STATED,Sep 22 2024 (12:19),False,2026-10-08,https://indiarailinfo.com/station/map/kadakavur-kvu/3523,Indexed full station profile returned by web search,True,False,"Number of Platforms is the profile's stated platform total. Track: Double Electric-Line is a section category, not a count of all tracks within station limits. Numerical station running-line, loop, siding and total-track counts are not stated in the inspected profile. Profile update date is not assumed to date the platform figure.",NOT_ESTABLISHED,,No count-specific history date established; profile timestamp not treated as platform update date.,AGREES,Profile does not supply official station-centre chainage; primary SR2025 value retained.,Numeric station tracks/loops/sidings NOT_STATED in inspected profile; no IRI corroboration claimed for Wikipedia totals or mapped counts.,IRI double-line category agrees primary named-section baseline; not a complete yard inventory.,2024,turn212search1,6 months ago,"URL slug names Kadakavur/KVU, but heading and numeric profile ID explicitly identify KFI",sources/iri_middle_batch3_2026-10-08.txt,2024-09-22T12:19,NOT_EXPOSED,2,https://en.wikipedia.org/w/index.php?oldid=1371200140,2026-08-25T04:15:01Z,AGREES,Oct 09 2013 (22:29),https://indiarailinfo.com/station/timeline/edits-varkala-sivagiri-vak/3523,IRI Number of Platforms field; do not automatically equate to platform bodies or uninterrupted boarding faces,No numeric Wikipedia platform discrepancy found in the existing register.,,,
EVA,3524,EVA,EVA/Edavai (2 PFs),2,Number of Platforms: 2,Track: Double Electric-Line,NOT_STATED,NOT_STATED,NOT_STATED,NOT_STATED,Jul 31 2023 (01:29),False,2026-10-08,https://indiarailinfo.com/station/map/kadakavur-kvu/3524,Indexed full station profile returned by web search,True,False,"Number of Platforms is the profile's stated platform total. Track: Double Electric-Line is a section category, not a count of all tracks within station limits. Numerical station running-line, loop, siding and total-track counts are not stated in the inspected profile. Profile update date is not assumed to date the platform figure.",NOT_ESTABLISHED,,No count-specific history date established; profile timestamp not treated as platform update date.,NO_WIKIPEDIA_FIGURE,Profile does not supply official station-centre chainage; primary SR2025 value retained.,Numeric station tracks/loops/sidings NOT_STATED in inspected profile; no IRI corroboration claimed for Wikipedia totals or mapped counts.,IRI double-line category agrees primary named-section baseline; not a complete yard inventory.,2023,turn212search3,6 months ago,"URL slug names Kadakavur/KVU, but heading and numeric profile ID explicitly identify EVA",sources/iri_middle_batch3_2026-10-08.txt,2023-07-31T01:29,NOT_EXPOSED,NOT_STATED,NOT_FOUND,NOT_FOUND,NO_NUMERIC_WIKIPEDIA_PLATFORM_FIGURE,NOT_RECOVERED,NOT_REVIEWED_SEPARATELY,IRI Number of Platforms field; do not automatically equate to platform bodies or uninterrupted boarding faces,Existing Wikipedia register has no numeric platform count to compare.,,,
VAK,569,VAK,VAK/Varkala Sivagiri (3 PFs),3,Number of Platforms: 3,Track: Double Electric-Line,NOT_STATED,NOT_STATED,NOT_STATED,NOT_STATED,Sep 11 2024 (02:11),False,2026-10-08,https://indiarailinfo.com/station/map/varkala-sivagiri-vak/569,Indexed full station profile returned by web search,True,False,"Number of Platforms is the profile's stated platform total. Track: Double Electric-Line is a section category, not a count of all tracks within station limits. Numerical station running-line, loop, siding and total-track counts are not stated in the inspected profile. Profile update date is not assumed to date the platform figure.",NOT_ESTABLISHED,,No count-specific history date established; profile timestamp not treated as platform update date.,AGREES,Profile does not supply official station-centre chainage; primary SR2025 value retained.,Numeric station tracks/loops/sidings NOT_STATED in inspected profile; no IRI corroboration claimed for Wikipedia totals or mapped counts.,IRI double-line category agrees primary named-section baseline; not a complete yard inventory.,2024,turn212search2,4 months ago,Heading and numeric ID agree; no contradictory named slug selected,sources/iri_middle_batch3_2026-10-08.txt,2024-09-11T02:11,NOT_EXPOSED,3,https://en.wikipedia.org/w/index.php?oldid=1371011384,2026-08-24T03:31:08Z,AGREES,NOT_RECOVERED,NOT_REVIEWED_SEPARATELY,IRI Number of Platforms field; do not automatically equate to platform bodies or uninterrupted boarding faces,No numeric Wikipedia platform discrepancy found in the existing register.,,,
AMY,3525,AMY,AMY/Akathumuri (2 PFs),2,Number of Platforms: 2,Track: Double Electric-Line,NOT_STATED,NOT_STATED,NOT_STATED,NOT_STATED,Mar 23 (02:57),False,2026-10-08,https://d.indiarailinfo.com/station/map/akathumuri-amy/3525,Indexed full station profile returned by web search,True,False,"Number of Platforms is the profile's stated platform total. Track: Double Electric-Line is a section category, not a count of all tracks within station limits. Numerical station running-line, loop, siding and total-track counts are not stated in the inspected profile. Profile update date is not assumed to date the platform figure. The returned update date omits a year; no exact year is inferred.",NOT_ESTABLISHED,,No count-specific history date established; profile timestamp not treated as platform update date.,AGREES,Profile does not supply official station-centre chainage; primary SR2025 value retained.,Numeric station tracks/loops/sidings NOT_STATED in inspected profile; no IRI corroboration claimed for Wikipedia totals or mapped counts.,IRI double-line category agrees primary named-section baseline; not a complete yard inventory.,,turn213search5,4 months ago,Heading and numeric ID agree; no contradictory named slug selected,sources/iri_middle_batch4_2026-10-08.txt,,NOT_EXPOSED,2,https://en.wikipedia.org/w/index.php?oldid=1370763412,2026-08-22T23:57:51Z,AGREES,NOT_RECOVERED,https://indiarailinfo.com/station/timeline/edits-perunguzhi-pgz/3525,IRI Number of Platforms field; do not automatically equate to platform bodies or uninterrupted boarding faces,No numeric Wikipedia platform discrepancy found in the existing register.,,,
KVU,1013,KVU,KVU/Kadakavur (3 PFs),3,Number of Platforms: 3,Track: Double Electric-Line,NOT_STATED,NOT_STATED,NOT_STATED,NOT_STATED,Mar 27 (09:03),False,2026-10-08,https://indiarailinfo.com/station/map/kadakavur-kvu/1013,Indexed full station profile returned by web search,True,False,"Number of Platforms is the profile's stated platform total. Track: Double Electric-Line is a section category, not a count of all tracks within station limits. Numerical station running-line, loop, siding and total-track counts are not stated in the inspected profile. Profile update date is not assumed to date the platform figure. The returned update date omits a year; no exact year is inferred.",NOT_ESTABLISHED,,No count-specific history date established; profile timestamp not treated as platform update date.,AGREES,Profile does not supply official station-centre chainage; primary SR2025 value retained.,Numeric station tracks/loops/sidings NOT_STATED in inspected profile; no IRI corroboration claimed for Wikipedia totals or mapped counts.,IRI double-line category agrees primary named-section baseline; not a complete yard inventory.,,turn213search1,4 months ago,Heading and numeric ID agree; no contradictory named slug selected,sources/iri_middle_batch4_2026-10-08.txt,,NOT_EXPOSED,3,https://en.wikipedia.org/w/index.php?oldid=1376741290,2026-09-26T00:09:55Z,AGREES,NOT_RECOVERED,NOT_REVIEWED_SEPARATELY,IRI Number of Platforms field; do not automatically equate to platform bodies or uninterrupted boarding faces,No numeric Wikipedia platform discrepancy found in the existing register.,,,
CRY,1012,CRY,CRY/Chirayinkeezhu (2 PFs),2,Number of Platforms: 2,Track: Double Electric-Line,NOT_STATED,NOT_STATED,NOT_STATED,NOT_STATED,Jul 31 2023 (01:27),False,2026-10-08,https://indiarailinfo.com/station/map/1012,Indexed full station profile returned by web search,True,False,"Number of Platforms is the profile's stated platform total. Track: Double Electric-Line is a section category, not a count of all tracks within station limits. Numerical station running-line, loop, siding and total-track counts are not stated in the inspected profile. Profile update date is not assumed to date the platform figure.",NOT_ESTABLISHED,,No count-specific history date established; profile timestamp not treated as platform update date.,AGREES,Profile does not supply official station-centre chainage; primary SR2025 value retained.,Numeric station tracks/loops/sidings NOT_STATED in inspected profile; no IRI corroboration claimed for Wikipedia totals or mapped counts.,IRI double-line category agrees primary named-section baseline; not a complete yard inventory.,2023,turn213search0,4 months ago,Heading and numeric ID agree; no contradictory named slug selected,sources/iri_middle_batch4_2026-10-08.txt,2023-07-31T01:27,NOT_EXPOSED,2,https://en.wikipedia.org/w/index.php?oldid=1370894752,2026-08-23T16:41:08Z,AGREES,Sep 18 2013 (11:56),https://indiarailinfo.com/station/timeline/edits-thiruvananthapuram-north-kochuveli-tvcn/1012,IRI Number of Platforms field; do not automatically equate to platform bodies or uninterrupted boarding faces,No numeric Wikipedia platform discrepancy found in the existing register.,,,
PGZ,3526,PGZ,PGZ/Perunguzhi (2 PFs),2,Number of Platforms: 2,Track: Double Electric-Line,NOT_STATED,NOT_STATED,NOT_STATED,NOT_STATED,Oct 05 2024 (09:30),False,2026-10-08,https://indiarailinfo.com/station/map/3526,Indexed full station profile returned by web search,True,False,"Number of Platforms is the profile's stated platform total. Track: Double Electric-Line is a section category, not a count of all tracks within station limits. Numerical station running-line, loop, siding and total-track counts are not stated in the inspected profile. Profile update date is not assumed to date the platform figure.",NOT_ESTABLISHED,,No count-specific history date established; profile timestamp not treated as platform update date.,NO_WIKIPEDIA_FIGURE,Profile does not supply official station-centre chainage; primary SR2025 value retained.,Numeric station tracks/loops/sidings NOT_STATED in inspected profile; no IRI corroboration claimed for Wikipedia totals or mapped counts.,IRI double-line category agrees primary named-section baseline; not a complete yard inventory.,2024,turn213search2,4 months ago,Heading and numeric ID agree; no contradictory named slug selected,sources/iri_middle_batch4_2026-10-08.txt,2024-10-05T09:30,NOT_EXPOSED,NOT_STATED,NOT_FOUND,NOT_FOUND,NO_NUMERIC_WIKIPEDIA_PLATFORM_FIGURE,Feb 19 2014 (20:21),https://indiarailinfo.com/station/timeline/edits-thiruvananthapuram-north-kochuveli-tvcn/3526,IRI Number of Platforms field; do not automatically equate to platform bodies or uninterrupted boarding faces,Existing Wikipedia register has no numeric platform count to compare.,,,
MQU,2782,MQU,MQU/Murukkampuzha (2 PFs),2,Number of Platforms: 2,Track: Double Electric-Line,NOT_STATED,NOT_STATED,NOT_STATED,NOT_STATED,Oct 04 2024 (19:13),False,2026-10-08,https://d.indiarailinfo.com/station/map/murukkampuzha-mqu/2782,Indexed full station profile returned by web search,True,False,"Number of Platforms is the profile's stated platform total. Track: Double Electric-Line is a section category, not a count of all tracks within station limits. Numerical station running-line, loop, siding and total-track counts are not stated in the inspected profile. Profile update date is not assumed to date the platform figure.",NOT_ESTABLISHED,,No count-specific history date established; profile timestamp not treated as platform update date.,NO_WIKIPEDIA_FIGURE,Profile does not supply official station-centre chainage; primary SR2025 value retained.,Numeric station tracks/loops/sidings NOT_STATED in inspected profile; no IRI corroboration claimed for Wikipedia totals or mapped counts.,IRI double-line category agrees primary named-section baseline; not a complete yard inventory.,2024,turn215search2,4 months ago,Heading and numeric ID agree; no contradictory named slug selected,sources/iri_middle_batch5_2026-10-08.txt,2024-10-04T19:13,NOT_EXPOSED,NOT_STATED,NOT_FOUND,NOT_FOUND,NO_NUMERIC_WIKIPEDIA_PLATFORM_FIGURE,NOT_RECOVERED,NOT_REVIEWED_SEPARATELY,IRI Number of Platforms field; do not automatically equate to platform bodies or uninterrupted boarding faces,Existing Wikipedia register has no numeric platform count to compare.,,,
KXP,3527,KXP,KXP/Kaniyapuram (2 PFs),2,Number of Platforms: 2,Track: Double Electric-Line,NOT_STATED,NOT_STATED,NOT_STATED,NOT_STATED,Jul 31 2023 (01:25),False,2026-10-08,https://indiarailinfo.com/station/map/kadakavur-kvu/3527,Indexed full station profile returned by web search,True,False,"Number of Platforms is the profile's stated platform total. Track: Double Electric-Line is a section category, not a count of all tracks within station limits. Numerical station running-line, loop, siding and total-track counts are not stated in the inspected profile. Profile update date is not assumed to date the platform figure.",NOT_ESTABLISHED,,No count-specific history date established; profile timestamp not treated as platform update date.,AGREES,Profile does not supply official station-centre chainage; primary SR2025 value retained.,Numeric station tracks/loops/sidings NOT_STATED in inspected profile; no IRI corroboration claimed for Wikipedia totals or mapped counts.,IRI double-line category agrees primary named-section baseline; not a complete yard inventory.,2023,turn215search3,6 months ago,"URL slug names Kadakavur/KVU, but heading and numeric profile ID explicitly identify KXP",sources/iri_middle_batch5_2026-10-08.txt,2023-07-31T01:25,NOT_EXPOSED,2,https://en.wikipedia.org/w/index.php?title=Thiruvananthapuram&oldid=1379039524#Rail,2026-10-07T15:12:00Z,AGREES,Feb 19 2014 (20:22),https://indiarailinfo.com/station/timeline/edits-thiruvananthapuram-north-kochuveli-tvcn/3527,IRI Number of Platforms field; do not automatically equate to platform bodies or uninterrupted boarding faces,No numeric Wikipedia platform discrepancy found in the existing register.,,,
KZK,2764,KZK,KZK/Kazhakkuttam (3 PFs),3,Number of Platforms: 3,Track: Double Electric-Line,NOT_STATED,NOT_STATED,NOT_STATED,NOT_STATED,Jun 22 2024 (17:58),False,2026-10-08,https://indiarailinfo.com/station/map/kazhakkuttam-kzk/2764,Indexed full station profile returned by web search,True,False,"Number of Platforms is the profile's stated platform total. Track: Double Electric-Line is a section category, not a count of all tracks within station limits. Numerical station running-line, loop, siding and total-track counts are not stated in the inspected profile. Profile update date is not assumed to date the platform figure.",NOT_ESTABLISHED,,No count-specific history date established; profile timestamp not treated as platform update date.,AGREES,Profile does not supply official station-centre chainage; primary SR2025 value retained.,Numeric station tracks/loops/sidings NOT_STATED in inspected profile; no IRI corroboration claimed for Wikipedia totals or mapped counts.,IRI double-line category agrees primary named-section baseline; not a complete yard inventory.,2024,turn215search4,4 months ago,Heading and numeric ID agree; no contradictory named slug selected,sources/iri_middle_batch5_2026-10-08.txt,2024-06-22T17:58,NOT_EXPOSED,3,https://en.wikipedia.org/w/index.php?title=Thiruvananthapuram&oldid=1379039524#Rail,2026-10-07T15:12:00Z,AGREES,NOT_RECOVERED,NOT_REVIEWED_SEPARATELY,IRI Number of Platforms field; do not automatically equate to platform bodies or uninterrupted boarding faces,No numeric Wikipedia platform discrepancy found in the existing register.,,,
VELI,3528,VELI,VELI/Veli (1 PFs),1,Number of Platforms: 1,Track: Double Electric-Line,NOT_STATED,NOT_STATED,NOT_STATED,NOT_STATED,"Jun 29 (22:12), year not exposed",False,2026-10-08,https://indiarailinfo.com/station/map/3528#st,Live profile visually read in cloud browser; indexed full text also retained,True,False,"Number of Platforms is the profile's stated platform total. Track: Double Electric-Line is a section category, not a count of all tracks within station limits. Numerical station running-line, loop, siding and total-track counts are not stated in the inspected profile. Profile update date is not assumed to date the platform figure.",NOT_ESTABLISHED,,No count-specific history date established; profile timestamp not treated as platform update date.,DISAGREES,Profile does not supply official station-centre chainage; primary SR2025 value retained.,Numeric station tracks/loops/sidings NOT_STATED in inspected profile; no IRI corroboration claimed for Wikipedia totals or mapped counts.,IRI double-line category agrees primary named-section baseline; not a complete yard inventory.,,turn215search6,4 months ago,Heading and numeric ID agree; no contradictory named slug selected,sources/iri_middle_batch5_2026-10-08.txt,,NOT_EXPOSED,3,https://en.wikipedia.org/w/index.php?title=Thiruvananthapuram&oldid=1379039524#Rail,2026-10-07T15:12:00Z,CONFLICT,NOT_RECOVERED,https://indiarailinfo.com/station/timeline/edits-thiruvananthapuram-south-nemom-nem/3528,IRI Number of Platforms field; do not automatically equate to platform bodies or uninterrupted boarding faces,"Live profile confirms1, updatedJun29 with year not exposed. Earlier indexed September2024 timestamp was an address/category edit. Wikipedia city-table3 remains disputed; no count-specific update date established.",Sep 22 2024 (12:19),Live profile confirms1platform and Double Electric-Line. Embedded map remained blank after one reload. New profile timestamp not assumed count-specific.,2024-09-22T12:19
TVCN,1009,TVCN,TVCN/Thiruvananthapuram North (Kochuveli) (6 PFs),6,Number of Platforms: 6,Track: Double Electric-Line,NOT_STATED,NOT_STATED,NOT_STATED,NOT_STATED,Sep 20 2025 (22:15),False,2026-10-08,https://indiarailinfo.com/station/map/thiruvananthapuram-north-kochuveli-tvcn/1009,Indexed full station profile returned by web search,True,False,"Number of Platforms is the profile's stated platform total. Track: Double Electric-Line is a section category, not a count of all tracks within station limits. Numerical station running-line, loop, siding and total-track counts are not stated in the inspected profile. Profile update date is not assumed to date the platform figure.",NOT_ESTABLISHED,,No count-specific history date established; profile timestamp not treated as platform update date.,AGREES,Profile does not supply official station-centre chainage; primary SR2025 value retained.,Numeric station tracks/loops/sidings NOT_STATED in inspected profile; no IRI corroboration claimed for Wikipedia totals or mapped counts.,IRI double-line category agrees primary named-section baseline; not a complete yard inventory.,2025,turn216search1,4 months ago,Heading and numeric ID agree; no contradictory named slug selected,sources/iri_middle_batch6_2026-10-08.txt,2025-09-20T22:15,NOT_EXPOSED,6,https://en.wikipedia.org/w/index.php?oldid=1371326616,2026-08-25T22:40:55Z,AGREES,NOT_RECOVERED,NOT_REVIEWED_SEPARATELY,IRI Number of Platforms field; do not automatically equate to platform bodies or uninterrupted boarding faces,No numeric Wikipedia platform discrepancy found in the existing register.,,,
TVP,2532,TVP,TVP/Thiruvananthapuram Pettah (2 PFs),2,Number of Platforms: 2,Track: Double Electric-Line,NOT_STATED,NOT_STATED,NOT_STATED,NOT_STATED,May 13 2023 (13:10),False,2026-10-08,https://d.indiarailinfo.com/station/map/2532?a=1,Indexed full station profile returned by web search,True,False,"Number of Platforms is the profile's stated platform total. Track: Double Electric-Line is a section category, not a count of all tracks within station limits. Numerical station running-line, loop, siding and total-track counts are not stated in the inspected profile. Profile update date is not assumed to date the platform figure.",NOT_ESTABLISHED,,No count-specific history date established; profile timestamp not treated as platform update date.,AGREES,Profile does not supply official station-centre chainage; primary SR2025 value retained.,Numeric station tracks/loops/sidings NOT_STATED in inspected profile; no IRI corroboration claimed for Wikipedia totals or mapped counts.,IRI double-line category agrees primary named-section baseline; not a complete yard inventory.,2023,turn221search0,4 months ago,Heading and numeric ID agree; no contradictory named slug selected,sources/iri_middle_batch7_2026-10-08.txt,2023-05-13T13:10,NOT_EXPOSED,2,https://en.wikipedia.org/w/index.php?oldid=1371326624,2026-08-25T22:40:56Z,AGREES,NOT_RECOVERED,NOT_REVIEWED_SEPARATELY,IRI Number of Platforms field; do not automatically equate to platform bodies or uninterrupted boarding faces,No numeric Wikipedia platform discrepancy found in the existing register.,,,
TVC,59,TVC,TVC/Thiruvananthapuram Central (Trivandrum) (5 PFs),5,Number of Platforms: 5,Track: Double Electric-Line,NOT_STATED,NOT_STATED,NOT_STATED,NOT_STATED,Apr 11 (07:53),False,2026-10-08,https://indiarailinfo.com/station/map/thiruvananthapuram-central-trivandrum-tvc/59,Indexed full station profile returned by web search,True,False,"Number of Platforms is the profile's stated platform total. Track: Double Electric-Line is a section category, not a count of all tracks within station limits. Numerical station running-line, loop, siding and total-track counts are not stated in the inspected profile. Profile update date is not assumed to date the platform figure. The returned update date omits a year; no exact year is inferred.",NOT_ESTABLISHED,,No count-specific history date established; profile timestamp not treated as platform update date.,AGREES,Profile does not supply official station-centre chainage; primary SR2025 value retained.,Numeric station tracks/loops/sidings NOT_STATED in inspected profile; no IRI corroboration claimed for Wikipedia totals or mapped counts.,"Boundary station: IRI double category agrees north toward QLN, not proof south toward ERL is doubled.",,turn216search0,4 months ago,Heading and numeric ID agree; no contradictory named slug selected,sources/iri_middle_batch6_2026-10-08.txt,,NOT_EXPOSED,5,https://en.wikipedia.org/w/index.php?oldid=1371439179,2026-08-26T12:51:10Z,AGREES,NOT_RECOVERED,NOT_REVIEWED_SEPARATELY,IRI Number of Platforms field; do not automatically equate to platform bodies or uninterrupted boarding faces,No numeric Wikipedia platform discrepancy found in the existing register.,,,
TVCS,4790,TVCS,Station code TVCS and (2 PFs) read in profile heading; spelling follows source URL,2,Number of Platforms: 2,Track: Construction - Electric-Line Doubling,NOT_STATED,NOT_STATED,NOT_STATED,NOT_STATED,Oct 18 2024 (09:01),False,2026-10-08,https://indiarailinfo.com/station/rfclub/railfan-club-thiruvananthapuram-south-nemom-tvcs/4790,Indexed full station profile returned by web search,True,False,"Profile platform total explicitly supplied; track category is not a yard-road total. Numerical tracks, loops and sidings are not stated in profile. Profile update date may concern address/category and does not date every field.",NOT_ESTABLISHED,,No count-specific history date established; profile timestamp not treated as platform update date.,AGREES,Profile does not supply official station-centre chainage; primary SR2025 value retained.,Numeric station tracks/loops/sidings NOT_STATED in inspected profile; no IRI corroboration claimed for Wikipedia totals or mapped counts.,IRI construction/doubling category agrees work-in-progress corridor; does not establish second line operational.,,,,,,,,,,,,,,,,,,
BRAM,3529,BRAM,Station code BRAM and (1 PFs) read in profile heading; spelling follows source URL,1,Number of Platforms: 1,Track: Construction - Electric-Line Doubling,NOT_STATED,NOT_STATED,NOT_STATED,NOT_STATED,Sep 07 2024 (14:55),False,2026-10-08,https://indiarailinfo.com/station/map/thiruvananthapuram-central-trivandrum-tvc/3529,Indexed full station profile returned by web search,True,False,"Profile platform total explicitly supplied; track category is not a yard-road total. Numerical tracks, loops and sidings are not stated in profile. Profile update date may concern address/category and does not date every field.",NOT_ESTABLISHED,,No count-specific history date established; profile timestamp not treated as platform update date.,AGREES,Profile does not supply official station-centre chainage; primary SR2025 value retained.,Numeric station tracks/loops/sidings NOT_STATED in inspected profile; no IRI corroboration claimed for Wikipedia totals or mapped counts.,IRI construction/doubling category agrees work-in-progress corridor; does not establish second line operational.,,,,,,,,,,,,,,,,,,
NYY,804,NYY,Station code NYY and (2 PFs) read in profile heading; spelling follows source URL,2,Number of Platforms: 2,Track: Construction - Electric-Line Doubling,NOT_STATED,NOT_STATED,NOT_STATED,NOT_STATED,Sep 22 2024 (12:18),False,2026-10-08,https://indiarailinfo.com/station/map/neyyattinkara-nyy/804,Indexed full station profile returned by web search,True,False,"Profile platform total explicitly supplied; track category is not a yard-road total. Numerical tracks, loops and sidings are not stated in profile. Profile update date may concern address/category and does not date every field.",NOT_ESTABLISHED,,No count-specific history date established; profile timestamp not treated as platform update date.,AGREES,Profile does not supply official station-centre chainage; primary SR2025 value retained.,Numeric station tracks/loops/sidings NOT_STATED in inspected profile; no IRI corroboration claimed for Wikipedia totals or mapped counts.,IRI construction/doubling category agrees work-in-progress corridor; does not establish second line operational.,,,,,,,,,,,,,,,,,,
AMVA,4791,AMVA,Station code AMVA and (1 PFs) read in profile heading; spelling follows source URL,1,Number of Platforms: 1,Track: Construction - Electric-Line Doubling,NOT_STATED,NOT_STATED,NOT_STATED,NOT_STATED,Oct 02 2024 (22:58),False,2026-10-08,https://indiarailinfo.com/station/blog/thiruvananthapuram-south-nemom-nem/4791,Indexed full station profile returned by web search,True,False,"Profile platform total explicitly supplied; track category is not a yard-road total. Numerical tracks, loops and sidings are not stated in profile. Profile update date may concern address/category and does not date every field.",NOT_ESTABLISHED,,No count-specific history date established; profile timestamp not treated as platform update date.,NO_WIKIPEDIA_FIGURE,Profile does not supply official station-centre chainage; primary SR2025 value retained.,Numeric station tracks/loops/sidings NOT_STATED in inspected profile; no IRI corroboration claimed for Wikipedia totals or mapped counts.,IRI construction/doubling category agrees work-in-progress corridor; does not establish second line operational.,,,,,,,,,,,,,,,,,,
DAVM,2774,DAVM,Station code DAVM and (2 PFs) read in profile heading; spelling follows source URL,2,Number of Platforms: 2,Track: Construction - Electric-Line Doubling,NOT_STATED,NOT_STATED,NOT_STATED,NOT_STATED,NOT_EXPOSED,False,2026-10-08,https://indiarailinfo.com/station/map/2774,Indexed full station profile returned by web search,True,False,"Profile platform total explicitly supplied; track category is not a yard-road total. Numerical tracks, loops and sidings are not stated in profile. Profile update date may concern address/category and does not date every field.",2016-03-15 16:40,https://indiarailinfo.com/station/timeline/edits-dhanuvachapuram-davm/2774,"Explicit platform-count entry says2, predating recent doubling. Do not infer this count was created by 2026 construction.",NO_WIKIPEDIA_FIGURE,Profile does not supply official station-centre chainage; primary SR2025 value retained.,Numeric station tracks/loops/sidings NOT_STATED in inspected profile; no IRI corroboration claimed for Wikipedia totals or mapped counts.,IRI construction/doubling category agrees work-in-progress corridor; does not establish second line operational.,,,,,,,,,,,,,,,,,,
PASA,1011,PASA,Station code PASA and (2 PFs) read in profile heading; spelling follows source URL,2,Number of Platforms: 2,Track: Construction - Electric-Line Doubling,NOT_STATED,NOT_STATED,NOT_STATED,NOT_STATED,Sep 07 2024 (14:55),False,2026-10-08,https://indiarailinfo.com/station/map/parassala-pasa/1011,Indexed full station profile returned by web search,True,False,"Profile platform total explicitly supplied; track category is not a yard-road total. Numerical tracks, loops and sidings are not stated in profile. Profile update date may concern address/category and does not date every field.",NOT_ESTABLISHED,,No count-specific history date established; profile timestamp not treated as platform update date.,AGREES,Profile does not supply official station-centre chainage; primary SR2025 value retained.,Numeric station tracks/loops/sidings NOT_STATED in inspected profile; no IRI corroboration claimed for Wikipedia totals or mapped counts.,IRI construction/doubling category agrees work-in-progress corridor; does not establish second line operational.,,,,,,,,,,,,,,,,,,
KZTW,2775,KZTW,Station code KZTW and (1 PFs) read in profile heading; spelling follows source URL,1,Number of Platforms: 1,Track: Construction - Electric-Line Doubling,NOT_STATED,NOT_STATED,NOT_STATED,NOT_STATED,Sep 07 2024 (15:04),False,2026-10-08,https://d.indiarailinfo.com/station/map/2775,Indexed full station profile returned by web search,True,False,"Profile platform total explicitly supplied; track category is not a yard-road total. Numerical tracks, loops and sidings are not stated in profile. Profile update date may concern address/category and does not date every field.",NOT_ESTABLISHED,,No count-specific history date established; profile timestamp not treated as platform update date.,NO_WIKIPEDIA_FIGURE,Profile does not supply official station-centre chainage; primary SR2025 value retained.,Numeric station tracks/loops/sidings NOT_STATED in inspected profile; no IRI corroboration claimed for Wikipedia totals or mapped counts.,IRI construction/doubling category agrees work-in-progress corridor; does not establish second line operational.,,,,,,,,,,,,,,,,,,
KZT,803,KZT,Station code KZT and (2 PFs) read in profile heading; spelling follows source URL,2,Number of Platforms: 2,Track: Construction - Electric-Line Doubling,NOT_STATED,NOT_STATED,NOT_STATED,NOT_STATED,Jan 16 2023 (11:08),False,2026-10-08,https://indiarailinfo.com/station/map/803?a=1,Indexed full station profile returned by web search,True,False,"Profile platform total explicitly supplied; track category is not a yard-road total. Numerical tracks, loops and sidings are not stated in profile. Profile update date may concern address/category and does not date every field.",NOT_ESTABLISHED,,No count-specific history date established; profile timestamp not treated as platform update date.,AGREES,Profile does not supply official station-centre chainage; primary SR2025 value retained.,Numeric station tracks/loops/sidings NOT_STATED in inspected profile; no IRI corroboration claimed for Wikipedia totals or mapped counts.,IRI construction/doubling category agrees work-in-progress corridor; does not establish second line operational.,,,,,,,,,,,,,,,,,,
PYD,2776,PYD,Station code PYD and (1 PFs) read in profile heading; spelling follows source URL,1,Number of Platforms: 1,Track: Construction - Electric-Line Doubling,NOT_STATED,NOT_STATED,NOT_STATED,NOT_STATED,Oct 01 2024 (19:10),False,2026-10-08,https://d.indiarailinfo.com/station/map/palliyadi-pyd/2776,Indexed full station profile returned by web search,True,False,"Profile platform total explicitly supplied; track category is not a yard-road total. Numerical tracks, loops and sidings are not stated in profile. Profile update date may concern address/category and does not date every field.",2015-11-04 21:05,https://indiarailinfo.com/station/timeline/edits-nagercoil-town-njt/2776,"Platform entry says1, marked duplicate; profile October2024 edit concerns address/category.",NO_WIKIPEDIA_FIGURE,Profile does not supply official station-centre chainage; primary SR2025 value retained.,Numeric station tracks/loops/sidings NOT_STATED in inspected profile; no IRI corroboration claimed for Wikipedia totals or mapped counts.,IRI construction/doubling category agrees work-in-progress corridor; does not establish second line operational.,,,,,,,,,,,,,,,,,,
ERL,802,ERL,Station code ERL and (2 PFs) read in profile heading; spelling follows source URL,2,Number of Platforms: 2,Track: Double Electric-Line,NOT_STATED,NOT_STATED,NOT_STATED,NOT_STATED,Sep 02 2024 (00:03),False,2026-10-08,https://indiarailinfo.com/station/map/eraniel-erl/802,Indexed full station profile returned by web search,True,False,"Profile platform total explicitly supplied; track category is not a yard-road total. Numerical tracks, loops and sidings are not stated in profile. Profile update date may concern address/category and does not date every field.",NOT_ESTABLISHED,,No count-specific history date established; profile timestamp not treated as platform update date.,AGREES,Profile does not supply official station-centre chainage; primary SR2025 value retained.,Numeric station tracks/loops/sidings NOT_STATED in inspected profile; no IRI corroboration claimed for Wikipedia totals or mapped counts.,"IRI Double Electric-Line supports southern doubled-section reporting, but supplies no commissioning date or exact changeover chainage.",,,,,,,,,,,,,,,,,,
VRLR,4792,VRLR,Station code VRLR and (1 PFs) read in profile heading; spelling follows source URL,1,Number of Platforms: 1,Track: Double Electric-Line,NOT_STATED,NOT_STATED,NOT_STATED,NOT_STATED,Oct 01 2024 (19:10),False,2026-10-08,https://d.indiarailinfo.com/station/map/virani-alur-vrlr/4792,Indexed full station profile returned by web search,True,False,"Profile platform total explicitly supplied; track category is not a yard-road total. Numerical tracks, loops and sidings are not stated in profile. Profile update date may concern address/category and does not date every field.",NOT_ESTABLISHED,https://indiarailinfo.com/station/timeline/edits-eraniel-erl/4792,October2024 profile timestamp is Name & Address edit. Current indexed profile says Double Electric-Line but one platform; platform inventory after doubling unresolved.,AGREES,Profile does not supply official station-centre chainage; primary SR2025 value retained.,Numeric station tracks/loops/sidings NOT_STATED in inspected profile; no IRI corroboration claimed for Wikipedia totals or mapped counts.,"IRI Double Electric-Line supports southern doubled-section reporting, but supplies no commissioning date or exact changeover chainage.",,,,,,,,,,,,,,,,,,
NJT,4793,NJT,Station code NJT and (3 PFs) read in profile heading; spelling follows source URL,3,Number of Platforms: 3,Track: Double Electric-Line,NOT_STATED,NOT_STATED,NOT_STATED,NOT_STATED,Jun 19 2024 (14:40),False,2026-10-08,https://indiarailinfo.com/station/map/nagercoil-town-njt/4793,Indexed full station profile returned by web search,True,False,"Profile platform total explicitly supplied; track category is not a yard-road total. Numerical tracks, loops and sidings are not stated in profile. Profile update date may concern address/category and does not date every field.",2024-03-31 15:03,https://indiarailinfo.com/blog/post/6014946,"Platform count explicitly changed 2 to 3, after 1 to 2 on 2023-08-13. Older Wikipedia prose saying one is stale relative to this sequence.",AGREES,Profile does not supply official station-centre chainage; primary SR2025 value retained.,Numeric station tracks/loops/sidings NOT_STATED in inspected profile; no IRI corroboration claimed for Wikipedia totals or mapped counts.,"IRI Double Electric-Line supports southern doubled-section reporting, but supplies no commissioning date or exact changeover chainage.",,,,,,,,,,,,,,,,,,
NCJ,801,NCJ,Station code NCJ and (4 PFs) read in profile heading; spelling follows source URL,4,Number of Platforms: 4,Track: Double Electric-Line,NOT_STATED,NOT_STATED,NOT_STATED,NOT_STATED,Sep 18 2024 (16:22),False,2026-10-08,https://indiarailinfo.com/station/map/nagercoil-junction-ncj/801,Indexed full station profile returned by web search,True,False,"Profile platform total explicitly supplied; track category is not a yard-road total. Numerical tracks, loops and sidings are not stated in profile. Profile update date may concern address/category and does not date every field.",NOT_ESTABLISHED,,No count-specific history date established; profile timestamp not treated as platform update date.,AGREES,Profile does not supply official station-centre chainage; primary SR2025 value retained.,Numeric station tracks/loops/sidings NOT_STATED in inspected profile; no IRI corroboration claimed for Wikipedia totals or mapped counts.,"IRI Double Electric-Line supports southern doubled-section reporting, but supplies no commissioning date or exact changeover chainage.",,,,,,,,,,,,,,,,,,
