sequence,station_code,station_name,coastal_route_km,map_retrieved_date,map_is_current_field_survey,latitude,longitude,osm_station_node,station_identity_verified,mapped_main_roads,mapped_connected_loops,mapped_nonloop_sidings,mapped_parallel_running_roads,mapped_total_tracks_all_types,mapped_platform_bodies,mapped_platform_faces,mapped_numbered_platform_positions,platform_observation_complete,official_current_platform_faces,official_current_running_lines,official_current_loops,official_current_sidings,official_current_total_tracks,field_uncertainty,notes,source_url,osm_station_url,rail_way_ids,platform_way_ids,excluded_nonoperational_way_ids,osm_element_edit_date_range,geometry_evidence,map_sheet
21,OCR,Ochira,106.24,2026-10-08,False,9.1318373,76.5251596,10255800221,OSM ref and name match official register,2,2,1,4,5,UNRESOLVED,UNRESOLVED,UNRESOLVED,False,UNVERIFIED,UNVERIFIED,UNVERIFIED,UNVERIFIED,UNVERIFIED,"All mapped counts are geometrical observations of OSM tags at retrieval, not 2026 operational certification. Missing objects do not prove physical absence. Zero means none separately mapped within station view.",Two connected outer loops and one southern dead-end extension. Three very short platform-tagged polygons resemble shelters/entrance fragments; rejected as complete platform bodies.,"https://api.openstreetmap.org/api/0.6/map?bbox=76.5165760,9.1230230,76.5345760,9.1410230",https://www.openstreetmap.org/node/10255800221,178708239;619142868;641467871;641467872;641467873,981111056;981111057;981111058,,2018-11-06T07:01:29Z / 2024-09-30T03:11:03Z,osm_plots/OCR_geometry.json,osm_plots/middle_sheet_1.png
22,KPY,Karunagapalli,113.93,2026-10-08,False,9.0652253,76.5446447,1890599665,OSM ref and name match official register,2,2,UNRESOLVED,4,UNRESOLVED,UNRESOLVED,UNRESOLVED,UNRESOLVED,False,UNVERIFIED,UNVERIFIED,UNVERIFIED,UNVERIFIED,UNVERIFIED,"All mapped counts are geometrical observations of OSM tags at retrieval, not 2026 operational certification. Missing objects do not prove physical absence. Zero means none separately mapped within station view.",Two main roads and two connected outer loops visible; industrial spurs and several stubs mapped. Total siding inventory unresolved; platform geometry absent.,"https://api.openstreetmap.org/api/0.6/map?bbox=76.5350230,9.0562680,76.5530230,9.0742680",https://www.openstreetmap.org/node/1890599665,178708239;419996691;450044453;546893499;546893500;641467874;641467875;641467876;641467877;641467878;641467879;641467880;641467881;641467882;641478844;641478855;661604986;808639278;808639279,,,2018-11-06T07:01:29Z / 2025-11-24T08:40:10Z,osm_plots/KPY_geometry.json,osm_plots/middle_sheet_1.png
23,STKT,Sasthankotta,121.59,2026-10-08,False,9.0314647,76.6009828,4825488168,OSM ref and name match official register,2,2,0,4,4,UNRESOLVED,UNRESOLVED,UNRESOLVED,False,UNVERIFIED,UNVERIFIED,UNVERIFIED,UNVERIFIED,UNVERIFIED,"All mapped counts are geometrical observations of OSM tags at retrieval, not 2026 operational certification. Missing objects do not prove physical absence. Zero means none separately mapped within station view.","Two main roads and two connected outer loops visible. No platform geometry. Zero sidings means none separately mapped, not certified absence.","https://api.openstreetmap.org/api/0.6/map?bbox=76.5898829,9.0233103,76.6078829,9.0413103",https://www.openstreetmap.org/node/4825488168,641478846;641478848;641478851;641478853;808639272;808639274,,,2018-11-06T07:57:16Z / 2024-03-28T13:19:13Z,osm_plots/STKT_geometry.json,osm_plots/middle_sheet_1.png
24,MQO,Munroturuttu,126.11,2026-10-08,False,8.9945309,76.6115842,3465411545,OSM ref and name match official register,2,0,0,2,2,2,2,2,True,UNVERIFIED,UNVERIFIED,UNVERIFIED,UNVERIFIED,UNVERIFIED,"All mapped counts are geometrical observations of OSM tags at retrieval, not 2026 operational certification. Missing objects do not prove physical absence. Zero means none separately mapped within station view.",Two side platform outlines along two main roads. No loops or separate sidings mapped.,"https://api.openstreetmap.org/api/0.6/map?bbox=76.6029084,8.9859978,76.6209084,9.0039978",https://www.openstreetmap.org/node/3465411545,331666081;547319893;617379922;617379923;617379924;617379925;617379939;617379940;661604987;661604988;661604989;661604990,598192044;598192045,,2018-06-15T20:06:49Z / 2025-10-31T05:49:30Z,osm_plots/MQO_geometry.json,osm_plots/middle_sheet_1.png
25,PRND,Perinad,131.99,2026-10-08,False,8.9486074,76.6206762,10255800220,OSM ref and name match official register,2,2,0,4,4,2,UNRESOLVED,UNRESOLVED,False,UNVERIFIED,UNVERIFIED,UNVERIFIED,UNVERIFIED,UNVERIFIED,"All mapped counts are geometrical observations of OSM tags at retrieval, not 2026 operational certification. Missing objects do not prove physical absence. Zero means none separately mapped within station view.",Four parallel connected roads at station. Two platform outlines mapped; opposite-side/island face usage cannot be established from tags and alignment alone. Crossover excluded from siding count.,"https://api.openstreetmap.org/api/0.6/map?bbox=76.6113410,8.9389160,76.6293410,8.9569160",https://www.openstreetmap.org/node/10255800220,331666080;519646416;519646419;546758556;546758557;661604991;827739545,546758561;546758562,,2017-12-14T07:40:10Z / 2025-11-22T05:13:26Z,osm_plots/PRND_geometry.json,osm_plots/middle_sheet_1.png
26,QLN,Kollam Junction,141.18,2026-10-08,False,8.8862192,76.5954829,2221855608,OSM ref and name match official register,2,UNRESOLVED,UNRESOLVED,UNRESOLVED,UNRESOLVED,3,UNRESOLVED,6,False,UNVERIFIED,UNVERIFIED,UNVERIFIED,UNVERIFIED,UNVERIFIED,"All mapped counts are geometrical observations of OSM tags at retrieval, not 2026 operational certification. Missing objects do not prove physical absence. Zero means none separately mapped within station view.","Complex junction and service yard. Platform polygons refs 4;5, 2;3, 1;1A denote six numbered positions on three bodies. A mapped track named Platform Number 1B and shared long body make physical face total uncertain. Goods roads, MEMU-side yard and FCI spurs present; exact operational classification and inventory unresolved.","https://api.openstreetmap.org/api/0.6/map?bbox=76.5847530,8.8745860,76.6087530,8.8985860",https://www.openstreetmap.org/node/2221855608,70655547;100989373;101010835;101010836;101048963;242026931;242026932;242027358;242027571;242027823;242028206;242028390;242028579;242028648;242028799;242028856;242028968;361727088;519646401;550863733;550863734;550863735;608428999;608429001;632923352;632923353;632923354;632923355;632923356;632923357;632923358;632923359;661604997;827738556;827738557;827739546;827739547;916892584;1452780012;1452780013;1452780014;1452780015;1452780016;1452780017,269265765;269266249;269272657,,2018-01-04T12:35:09Z / 2026-07-09T15:19:18Z,osm_plots/QLN_geometry.json,osm_plots/middle_sheet_1.png
27,IRP,Iravipuram,145.60,2026-10-08,False,8.8667939,76.6247345,3870665261,OSM ref and name match official register,2,0,0,2,2,2,2,2,True,UNVERIFIED,UNVERIFIED,UNVERIFIED,UNVERIFIED,UNVERIFIED,"All mapped counts are geometrical observations of OSM tags at retrieval, not 2026 operational certification. Missing objects do not prove physical absence. Zero means none separately mapped within station view.","Two side platforms, two main roads, no loops or separate sidings mapped.","https://api.openstreetmap.org/api/0.6/map?bbox=76.6140590,8.8579480,76.6320590,8.8759480",https://www.openstreetmap.org/node/3870665261,101048963;608428999,256808986;256808987,,2017-06-30T03:44:44Z / 2025-11-21T11:06:18Z,osm_plots/IRP_geometry.json,osm_plots/middle_sheet_2.png
28,MYY,Mayyanad,149.93,2026-10-08,False,8.8380291,76.6476808,334652322,OSM ref and name match official register,2,0,0,2,2,UNRESOLVED,UNRESOLVED,UNRESOLVED,False,UNVERIFIED,UNVERIFIED,UNVERIFIED,UNVERIFIED,UNVERIFIED,"All mapped counts are geometrical observations of OSM tags at retrieval, not 2026 operational certification. Missing objects do not prove physical absence. Zero means none separately mapped within station view.",Two main roads mapped; platform geometry absent. No loops or separate sidings mapped.,"https://api.openstreetmap.org/api/0.6/map?bbox=76.6383310,8.8287590,76.6563310,8.8467590",https://www.openstreetmap.org/node/334652322,101048963;608428999,,,2025-11-21T11:06:18Z / 2025-11-21T11:06:18Z,osm_plots/MYY_geometry.json,osm_plots/middle_sheet_2.png
29,PVU,Paravur,153.50,2026-10-08,False,8.8151309,76.6693434,7645727619,OSM ref and name match official register,2,2,UNRESOLVED,4,UNRESOLVED,UNRESOLVED,UNRESOLVED,UNRESOLVED,False,UNVERIFIED,UNVERIFIED,UNVERIFIED,UNVERIFIED,UNVERIFIED,"All mapped counts are geometrical observations of OSM tags at retrieval, not 2026 operational certification. Missing objects do not prove physical absence. Zero means none separately mapped within station view.",Two main roads and two connected loops; an extra yard track and end stubs visible. Exact siding inventory unresolved; platform geometry absent.,"https://api.openstreetmap.org/api/0.6/map?bbox=76.6592380,8.8067580,76.6772380,8.8247580",https://www.openstreetmap.org/node/7645727619,101048983;378516712;519426841;519426845;519426849;608428996;608428998;641573556;641573557;641573558;641573559;641573560;641573561;827738558,,,2018-07-16T18:39:03Z / 2025-11-24T08:40:10Z,osm_plots/PVU_geometry.json,osm_plots/middle_sheet_2.png
30,KFI,Kappil,158.03,2026-10-08,False,8.7795558,76.6792879,334641675,OSM ref and name match official register,2,0,0,2,2,UNRESOLVED,UNRESOLVED,UNRESOLVED,False,UNVERIFIED,UNVERIFIED,UNVERIFIED,UNVERIFIED,UNVERIFIED,"All mapped counts are geometrical observations of OSM tags at retrieval, not 2026 operational certification. Missing objects do not prove physical absence. Zero means none separately mapped within station view.",Two main roads mapped; platform geometry absent. No loops or separate sidings mapped.,"https://api.openstreetmap.org/api/0.6/map?bbox=76.6706300,8.7704350,76.6886300,8.7884350",https://www.openstreetmap.org/node/334641675,236119109;519646394;608428993;608428995,,,2020-07-18T23:45:53Z / 2022-06-16T10:53:58Z,osm_plots/KFI_geometry.json,osm_plots/middle_sheet_2.png
31,EVA,Edavai,160.88,2026-10-08,False,8.7633333,76.6974939,5764349127,OSM ref and name match official register,2,0,0,2,2,UNRESOLVED,UNRESOLVED,UNRESOLVED,False,UNVERIFIED,UNVERIFIED,UNVERIFIED,UNVERIFIED,UNVERIFIED,"All mapped counts are geometrical observations of OSM tags at retrieval, not 2026 operational certification. Missing objects do not prove physical absence. Zero means none separately mapped within station view.",Two main roads mapped; platform geometry absent. No loops or separate sidings mapped.,"https://api.openstreetmap.org/api/0.6/map?bbox=76.6884770,8.7538830,76.7064770,8.7718830",https://www.openstreetmap.org/node/5764349127,236119109;608428993;617584064;617584065;617584066;617584067,,,2018-08-17T09:17:14Z / 2022-06-16T10:53:58Z,osm_plots/EVA_geometry.json,osm_plots/middle_sheet_2.png
32,VAK,Varkala Sivagiri,164.66,2026-10-08,False,8.7406369,76.723134,340415095,OSM ref and name match official register,2,2,UNRESOLVED,4,UNRESOLVED,2,UNRESOLVED,UNRESOLVED,False,UNVERIFIED,UNVERIFIED,UNVERIFIED,UNVERIFIED,UNVERIFIED,"All mapped counts are geometrical observations of OSM tags at retrieval, not 2026 operational certification. Missing objects do not prove physical absence. Zero means none separately mapped within station view.","Two main roads and two outer loops with several end stubs. Two platform polygons refs 1 and2; eastern polygon intersects mapped track, so face inventory not inferred from imperfect alignment. Siding total unresolved.","https://api.openstreetmap.org/api/0.6/map?bbox=76.7138720,8.7317320,76.7318720,8.7497320",https://www.openstreetmap.org/node/340415095,236119111;514398896;514398898;514398901;514398903;514398904;608428990;608428994;617584065;617584067;641573562;641573563;641573564;641573565;641573566;820369256;820369257;820369258,1536886969;1536886989,,2017-08-10T06:48:12Z / 2026-07-09T15:19:18Z,osm_plots/VAK_geometry.json,osm_plots/middle_sheet_2.png
33,AMY,Akathumuri,171.11,2026-10-08,False,8.7006789,76.7585521,5764349092,OSM ref and name match official register,2,0,0,2,2,UNRESOLVED,UNRESOLVED,UNRESOLVED,False,UNVERIFIED,UNVERIFIED,UNVERIFIED,UNVERIFIED,UNVERIFIED,"All mapped counts are geometrical observations of OSM tags at retrieval, not 2026 operational certification. Missing objects do not prove physical absence. Zero means none separately mapped within station view.",Two main roads mapped; platform geometry absent. No loops or separate sidings mapped.,"https://api.openstreetmap.org/api/0.6/map?bbox=76.7497920,8.6913100,76.7677920,8.7093100",https://www.openstreetmap.org/node/5764349092,148462098;148462101;514385383;608428985;608428986;608428987,,,2018-07-16T18:39:01Z / 2020-07-18T23:45:53Z,osm_plots/AMY_geometry.json,osm_plots/middle_sheet_3.png
34,KVU,Kadakavur,173.87,2026-10-08,False,8.6786987,76.7676427,335560058,OSM ref and name match official register,2,2,UNRESOLVED,4,UNRESOLVED,1,UNRESOLVED,UNRESOLVED,False,UNVERIFIED,UNVERIFIED,UNVERIFIED,UNVERIFIED,UNVERIFIED,"All mapped counts are geometrical observations of OSM tags at retrieval, not 2026 operational certification. Missing objects do not prove physical absence. Zero means none separately mapped within station view.","Two main roads and two outer connected loops with end extensions. Only one island-like platform polygon mapped, platform inventory incomplete.","https://api.openstreetmap.org/api/0.6/map?bbox=76.7576720,8.6700780,76.7756720,8.6880780",https://www.openstreetmap.org/node/335560058,514385379;514385380;514385381;514385383;608428984;641627315;641627317;661604992,514385382,,2017-08-10T05:37:57Z / 2020-07-18T23:45:53Z,osm_plots/KVU_geometry.json,osm_plots/middle_sheet_3.png
35,CRY,Chirayinkeezh,176.93,2026-10-08,False,8.6595556,76.7855551,335560073,OSM ref and name match official register,2,0,0,2,2,UNRESOLVED,UNRESOLVED,UNRESOLVED,False,UNVERIFIED,UNVERIFIED,UNVERIFIED,UNVERIFIED,UNVERIFIED,"All mapped counts are geometrical observations of OSM tags at retrieval, not 2026 operational certification. Missing objects do not prove physical absence. Zero means none separately mapped within station view.",Two main roads mapped; platform geometry absent. No loops or separate sidings mapped.,"https://api.openstreetmap.org/api/0.6/map?bbox=76.7763703,8.6493379,76.7943703,8.6673379",https://www.openstreetmap.org/node/335560073,738434644;738434645;738434649;894664081;965152734;965152735;965152736;965152737;965152745;965152746;965152747;965152748,,,2021-01-12T17:57:42Z / 2026-08-11T06:59:21Z,osm_plots/CRY_geometry.json,osm_plots/middle_sheet_3.png
36,PGZ,Perunguzhi,180.97,2026-10-08,False,8.6317315,76.8081619,5764348902,OSM ref and name match official register,2,0,0,2,2,UNRESOLVED,UNRESOLVED,UNRESOLVED,False,UNVERIFIED,UNVERIFIED,UNVERIFIED,UNVERIFIED,UNVERIFIED,"All mapped counts are geometrical observations of OSM tags at retrieval, not 2026 operational certification. Missing objects do not prove physical absence. Zero means none separately mapped within station view.",Two main roads mapped; platform geometry absent. No loops or separate sidings mapped.,"https://api.openstreetmap.org/api/0.6/map?bbox=76.7992110,8.6225610,76.8172110,8.6405610",https://www.openstreetmap.org/node/5764348902,796439515;965152762,,954581495,2025-04-17T08:41:30Z / 2026-07-20T06:27:21Z,osm_plots/PGZ_geometry.json,osm_plots/middle_sheet_3.png
37,MQU,Murukkampuzha,184.38,2026-10-08,False,8.6131373,76.8304901,5764348915,OSM ref and name match official register,2,1,1,3,4,2,2,2,True,UNVERIFIED,UNVERIFIED,UNVERIFIED,UNVERIFIED,UNVERIFIED,"All mapped counts are geometrical observations of OSM tags at retrieval, not 2026 operational certification. Missing objects do not prove physical absence. Zero means none separately mapped within station view.",Two main roads plus western connected loop and southern dead-end extension. Two outer-side platform polygons. Proposed standard-gauge Silver Line excluded from existing rail inventory.,"https://api.openstreetmap.org/api/0.6/map?bbox=76.8212450,8.6046300,76.8392450,8.6226300",https://www.openstreetmap.org/node/5764348915,90772767;608428982;641627321;641627322;641627325;796439515;796439516;827889067;827889068;965152762;1536886962,1409282832;1409282833,954581495,2018-11-06T16:30:15Z / 2026-07-20T06:27:21Z,osm_plots/MQU_geometry.json,osm_plots/middle_sheet_3.png
38,KXP,Kaniyapuram,188.27,2026-10-08,False,8.5874032,76.854403,295423775,OSM ref and name match official register,2,0,0,2,2,UNRESOLVED,UNRESOLVED,UNRESOLVED,False,UNVERIFIED,UNVERIFIED,UNVERIFIED,UNVERIFIED,UNVERIFIED,"All mapped counts are geometrical observations of OSM tags at retrieval, not 2026 operational certification. Missing objects do not prove physical absence. Zero means none separately mapped within station view.",Two main roads mapped; platform geometry absent. Proposed Silver Line and proposed metro excluded.,"https://api.openstreetmap.org/api/0.6/map?bbox=76.8454820,8.5786120,76.8634820,8.5966120",https://www.openstreetmap.org/node/295423775,90772767;608428982,,851795110;954581495,2026-01-06T10:54:07Z / 2026-07-20T06:27:21Z,osm_plots/KXP_geometry.json,osm_plots/middle_sheet_3.png
39,KZK,Kazhakuttam,192.29,2026-10-08,False,8.556815,76.8727534,1141008210,OSM ref and name match official register,2,2,UNRESOLVED,4,UNRESOLVED,UNRESOLVED,UNRESOLVED,UNRESOLVED,False,UNVERIFIED,UNVERIFIED,UNVERIFIED,UNVERIFIED,UNVERIFIED,"All mapped counts are geometrical observations of OSM tags at retrieval, not 2026 operational certification. Missing objects do not prove physical absence. Zero means none separately mapped within station view.","Two main roads and two outer connected loops, industrial spurs and end stubs. Siding total unresolved; platform geometry absent. Proposed Silver Line excluded.","https://api.openstreetmap.org/api/0.6/map?bbox=76.8632350,8.5468480,76.8812350,8.5648480",https://www.openstreetmap.org/node/1141008210,90772767;98623852;98623876;98623887;608428982;641627329;641627331;641627334;641627336;641627338;641627339,,954581495,2018-11-06T16:30:15Z / 2026-07-20T06:27:21Z,osm_plots/KZK_geometry.json,osm_plots/middle_sheet_4.png
40,VELI,Veli,196.48,2026-10-08,False,8.5228086,76.8827792,4825504650,OSM ref and name match official register,2,0,0,2,2,1,UNRESOLVED,UNRESOLVED,False,UNVERIFIED,UNVERIFIED,UNVERIFIED,UNVERIFIED,UNVERIFIED,"All mapped counts are geometrical observations of OSM tags at retrieval, not 2026 operational certification. Missing objects do not prove physical absence. Zero means none separately mapped within station view.","Only platform1 outline mapped; platform inventory incomplete. Crossover is northward approach toward TVCN, not a station siding. Proposed Silver Line excluded.","https://api.openstreetmap.org/api/0.6/map?bbox=76.8739192,8.5135365,76.8919192,8.5315365",https://www.openstreetmap.org/node/4825504650,90772756;90772767;236967348;315266850;608428982;762403625;762403627,1133473137,1464569646,2018-11-06T16:30:25Z / 2026-07-09T05:00:08Z,osm_plots/VELI_geometry.json,osm_plots/middle_sheet_4.png
41,TVCN,Thiruvananthapuram North,199.42,2026-10-08,False,8.5103341,76.8970471,1670497102,OSM ref and name match official register,2,UNRESOLVED,UNRESOLVED,UNRESOLVED,UNRESOLVED,4,6,6,True,UNVERIFIED,UNVERIFIED,UNVERIFIED,UNVERIFIED,UNVERIFIED,"All mapped counts are geometrical observations of OSM tags at retrieval, not 2026 operational certification. Missing objects do not prove physical absence. Zero means none separately mapped within station view.","Four platform bodies refs1,2;3,4;5,6 give six distinct mapped faces. Yard and stabling/pit roads present, but exact track classification/inventory unresolved. Extra footway-tagged platform way1409254309 is not counted as a fifth body. Proposed Silver Line excluded.","https://api.openstreetmap.org/api/0.6/map?bbox=76.8841000,8.4972540,76.9081000,8.5212540",https://www.openstreetmap.org/node/1670497102,90772756;90772767;98623858;236967348;315266850;427081232;427081233;519426852;608428982;641627341;641627345;641627347;641627350;641627352;641627355;641627357;641627360;641627362;641627364;641627366;641627368;762403625;762403627;1011066125;1011066126;1534226864,427081226;427081231;519426843;519426847;1409254309,1464569645;1464569646,2018-11-06T16:30:16Z / 2026-07-09T05:00:08Z,osm_plots/TVCN_geometry.json,osm_plots/middle_sheet_4.png
42,TVP,Thiruvananthapuram Pettah,203.17,2026-10-08,False,8.4950282,76.9317754,1921712866,OSM ref and name match official register,2,0,0,2,2,2,2,2,True,UNVERIFIED,UNVERIFIED,UNVERIFIED,UNVERIFIED,UNVERIFIED,"All mapped counts are geometrical observations of OSM tags at retrieval, not 2026 operational certification. Missing objects do not prove physical absence. Zero means none separately mapped within station view.",Two side platforms on the two main roads. No loops or separate sidings mapped.,"https://api.openstreetmap.org/api/0.6/map?bbox=76.9226730,8.4855240,76.9406730,8.5035240",https://www.openstreetmap.org/node/1921712866,385040650;608428979,1081587507;1081587508,,2022-07-26T18:43:22Z / 2026-07-08T10:08:07Z,osm_plots/TVP_geometry.json,osm_plots/middle_sheet_4.png
43,TVC,Thiruvananthapuram Central,205.66,2026-10-08,False,8.4870167,76.9526408,10255800219,OSM ref and name match official register,2,UNRESOLVED,UNRESOLVED,UNRESOLVED,UNRESOLVED,3,5,5,True,UNVERIFIED,UNVERIFIED,UNVERIFIED,UNVERIFIED,UNVERIFIED,"All mapped counts are geometrical observations of OSM tags at retrieval, not 2026 operational certification. Missing objects do not prove physical absence. Zero means none separately mapped within station view.","Three platform bodies: west4/5, middle2/3, east unnumbered side body, totaling five mapped faces. Complex coach-care and yard roads; exact loop/siding/track inventory unresolved. Proposed metro excluded.","https://api.openstreetmap.org/api/0.6/map?bbox=76.94321,8.478679000000001,76.95920999999998,8.494679",https://www.openstreetmap.org/node/10255800219,385040650;404118735;404118736;404118737;404118738;608428979;641650009;641650010;641650011;641650012;641650014;641650015;641650016;641650017;641863868;641863869;641863870;641863871;641863872;641863873;641863874;641863875;641863876;641863877;641863878;641863879;641863880;641863881;641863882;641863883;641863884;641863885;641863886;641863887;641863888;661604994;661604998;669062978;669062979;818130829;818130830;818130831;818130832;818130833;827854391;827854395;827854396;1311408246;1311408266,404118734;404118740;921797273,851795110,2018-11-07T12:37:03Z / 2026-07-08T10:08:07Z,osm_plots/TVC_geometry.json,osm_plots/middle_sheet_4.png
