station_code,mapped_platform_faces,mapped_platform_bodies,mapped_rail_roads_at_station_transect,verified_current_operational_platform_faces,verified_current_operational_yard_tracks,mapped_extra_sidings,inspection_area,observations,confidence,source_snapshot_utc,source_way_edit_min,source_way_edit_max,platform_way_ids,rail_way_ids,excluded_nonoperational_or_mixed_way_ids,geometry_file,plot_file,source_urls,limits
ERS,6,4,10,,,See observations; classification not officially verified,Station footprint and approach throat approximately 1 km each side; full downloaded bounding box in source index. ERS transect restrictedcross-track 180 m excludes adjacentroute.,Four bodies labelled1;2/3;4/5;6. Ten rail roads cross the station locator transect within180m; six are alongside passenger faces and four are intervening/non-platform roads. Large northeast depot fan extends beyond transect; complete yard/siding total not established. Ignore ERSD platform>3km away.,high for mapped platform geometry; medium for mapped station roads,2026-10-08,2017-08-09T08:34:37Z,2026-07-12T16:51:30Z,483021729;483021730;483021732;483021733,49015814;49015817;86689079;285881579;285881580;285881581;285881583;285881585;483021731;514137861;514137862;514137864;514137866;514137867;609007655;609008135;640487631;640487634;640487655;640487657;640487660;640487662;640487664;640487666;640487670;640487672;640487677;640487681;640487686;640552551;640552552;640552554;640552557;640552558;640552559;640552563;640552565;640552567;640552568;640552570;640552573;640552575;640552576;640552579;640552581;640552583;640552586;640552588;640552590;640552592;640552594;640552596;640552598;640552600;661604981;743768356;747371312;827738559;827738560;1311408253;1311408254;1312327364;1453149440;1453149441;1453149442;1453154556,,osm_plots/ERS_geometry.json,osm_plots/ERS.png,https://www.openstreetmap.org/way/49015814;https://www.openstreetmap.org/way/49015817;https://www.openstreetmap.org/way/86689079;https://www.openstreetmap.org/way/285881579;https://www.openstreetmap.org/way/285881580;https://www.openstreetmap.org/way/285881581;https://www.openstreetmap.org/way/285881583;https://www.openstreetmap.org/way/285881585;https://www.openstreetmap.org/way/483021729;https://www.openstreetmap.org/way/483021730;https://www.openstreetmap.org/way/483021731;https://www.openstreetmap.org/way/483021732;https://www.openstreetmap.org/way/483021733;https://www.openstreetmap.org/way/514137861;https://www.openstreetmap.org/way/514137862;https://www.openstreetmap.org/way/514137864;https://www.openstreetmap.org/way/514137866;https://www.openstreetmap.org/way/514137867;https://www.openstreetmap.org/way/609007655;https://www.openstreetmap.org/way/609008135;https://www.openstreetmap.org/way/640487631;https://www.openstreetmap.org/way/640487634;https://www.openstreetmap.org/way/640487655;https://www.openstreetmap.org/way/640487657;https://www.openstreetmap.org/way/640487660;https://www.openstreetmap.org/way/640487662;https://www.openstreetmap.org/way/640487664;https://www.openstreetmap.org/way/640487666;https://www.openstreetmap.org/way/640487670;https://www.openstreetmap.org/way/640487672;https://www.openstreetmap.org/way/640487677;https://www.openstreetmap.org/way/640487681;https://www.openstreetmap.org/way/640487686;https://www.openstreetmap.org/way/640552551;https://www.openstreetmap.org/way/640552552;https://www.openstreetmap.org/way/640552554;https://www.openstreetmap.org/way/640552557;https://www.openstreetmap.org/way/640552558;https://www.openstreetmap.org/way/640552559;https://www.openstreetmap.org/way/640552563;https://www.openstreetmap.org/way/640552565;https://www.openstreetmap.org/way/640552567;https://www.openstreetmap.org/way/640552568;https://www.openstreetmap.org/way/640552570;https://www.openstreetmap.org/way/640552573;https://www.openstreetmap.org/way/640552575;https://www.openstreetmap.org/way/640552576;https://www.openstreetmap.org/way/640552579;https://www.openstreetmap.org/way/640552581;https://www.openstreetmap.org/way/640552583;https://www.openstreetmap.org/way/640552586;https://www.openstreetmap.org/way/640552588;https://www.openstreetmap.org/way/640552590;https://www.openstreetmap.org/way/640552592;https://www.openstreetmap.org/way/640552594;https://www.openstreetmap.org/way/640552596;https://www.openstreetmap.org/way/640552598;https://www.openstreetmap.org/way/640552600;https://www.openstreetmap.org/way/661604981;https://www.openstreetmap.org/way/743768356;https://www.openstreetmap.org/way/747371312;https://www.openstreetmap.org/way/827738559;https://www.openstreetmap.org/way/827738560;https://www.openstreetmap.org/way/1311408253;https://www.openstreetmap.org/way/1311408254;https://www.openstreetmap.org/way/1312327364;https://www.openstreetmap.org/way/1453149440;https://www.openstreetmap.org/way/1453149441;https://www.openstreetmap.org/way/1453149442;https://www.openstreetmap.org/way/1453154556,Mapped-observed; absence is not proof of no feature. Map edit date is not survey date. Service=siding can describe a runningloop. No operational track count inferred solely from OSM.
TNU,,,1,,,See observations; classification not officially verified,Station footprint and approach throat approximately 1 km each side; full downloaded bounding box in source index. ERS transect restrictedcross-track 180 m excludes adjacentroute.,"Officially closed halt in 2017. OSM still labels station; one through track mapped, no platform footprint. OSM station label does not establish passenger operation.",high closure primary; moderate mapped track,2026-10-08,2021-01-02T15:24:48Z,2025-06-08T18:54:48Z,,96075197;96075219;1189967362,,osm_plots/TNU_geometry.json,osm_plots/TNU.png,https://www.openstreetmap.org/way/96075197;https://www.openstreetmap.org/way/96075219;https://www.openstreetmap.org/way/1189967362;https://www.openstreetmap.org/way/1393344943,Mapped-observed; absence is not proof of no feature. Map edit date is not survey date. Service=siding can describe a runningloop. No operational track count inferred solely from OSM.
KUMM,,,3,,,See observations; classification not officially verified,Station footprint and approach throat approximately 1 km each side; full downloaded bounding box in source index. ERS transect restrictedcross-track 180 m excludes adjacentroute.,"Three parallel long roads within yard; one short auxiliary curved path at south. One small platform-tag polygon1087091821 is only~75m long and incomplete, so full platform body/face count unresolved. No constructed doubling assumed.",medium roads; low platforms,2026-10-08,2018-11-04T12:25:17Z,2022-08-17T22:44:28Z,1087091821,602468921;640855306;640855307;640855308,,osm_plots/KUMM_geometry.json,osm_plots/KUMM.png,https://www.openstreetmap.org/way/602468921;https://www.openstreetmap.org/way/640855306;https://www.openstreetmap.org/way/640855307;https://www.openstreetmap.org/way/640855308;https://www.openstreetmap.org/way/1087091821,Mapped-observed; absence is not proof of no feature. Map edit date is not survey date. Service=siding can describe a runningloop. No operational track count inferred solely from OSM.
AROR,,,1,,,See observations; classification not officially verified,Station footprint and approach throat approximately 1 km each side; full downloaded bounding box in source index. ERS transect restrictedcross-track 180 m excludes adjacentroute.,One through track and station building at corrected location. Platform absent from OSM. Original datameet/GeoNames locator1.4km north rejected; corrected stationnode5038554142.,medium road; platforms unknown,2026-10-08,2021-01-02T15:24:44Z,2023-11-24T11:38:55Z,,618847522;618847523;618851874,,osm_plots/AROR_geometry.json,osm_plots/AROR.png,https://www.openstreetmap.org/way/618847522;https://www.openstreetmap.org/way/618847523;https://www.openstreetmap.org/way/618851874,Mapped-observed; absence is not proof of no feature. Map edit date is not survey date. Service=siding can describe a runningloop. No operational track count inferred solely from OSM.
EZP,,,1,,,See observations; classification not officially verified,Station footprint and approach throat approximately 1 km each side; full downloaded bounding box in source index. ERS transect restrictedcross-track 180 m excludes adjacentroute.,One through track mapped at halt. No platform footprint; cannot infer zero platforms.,medium road; platforms unknown,2026-10-08,2023-11-24T06:57:43Z,2023-11-24T06:57:43Z,,53023780,,osm_plots/EZP_geometry.json,osm_plots/EZP.png,https://www.openstreetmap.org/way/53023780,Mapped-observed; absence is not proof of no feature. Map edit date is not survey date. Service=siding can describe a runningloop. No operational track count inferred solely from OSM.
TUVR,,,3,,,See observations; classification not officially verified,Station footprint and approach throat approximately 1 km each side; full downloaded bounding box in source index. ERS transect restrictedcross-track 180 m excludes adjacentroute.,Three long parallel roads; outer two tagged siding but geometrically both-ended crossing loops. Short south auxiliary path and north/south trap/neck extensions also mapped. Platform footprints absent; nearby busplatform excluded.,medium roads; platforms unknown,2026-10-08,2018-11-04T12:25:17Z,2025-11-24T08:40:10Z,,619253921;640855309;640855310;640855311;640855312;640855313,,osm_plots/TUVR_geometry.json,osm_plots/TUVR.png,https://www.openstreetmap.org/way/619253921;https://www.openstreetmap.org/way/620304883;https://www.openstreetmap.org/way/640855309;https://www.openstreetmap.org/way/640855310;https://www.openstreetmap.org/way/640855311;https://www.openstreetmap.org/way/640855312;https://www.openstreetmap.org/way/640855313,Mapped-observed; absence is not proof of no feature. Map edit date is not survey date. Service=siding can describe a runningloop. No operational track count inferred solely from OSM.
VAY,,,1,,,See observations; classification not officially verified,Station footprint and approach throat approximately 1 km each side; full downloaded bounding box in source index. ERS transect restrictedcross-track 180 m excludes adjacentroute.,One through track mapped at halt. No platform footprint.,medium road; platforms unknown,2026-10-08,2021-01-02T15:24:39Z,2025-03-09T14:07:14Z,,619253920;620877837;621229125,,osm_plots/VAY_geometry.json,osm_plots/VAY.png,https://www.openstreetmap.org/way/619253920;https://www.openstreetmap.org/way/620877837;https://www.openstreetmap.org/way/621229125,Mapped-observed; absence is not proof of no feature. Map edit date is not survey date. Service=siding can describe a runningloop. No operational track count inferred solely from OSM.
SRTL,,,4,,,See observations; classification not officially verified,Station footprint and approach throat approximately 1 km each side; full downloaded bounding box in source index. ERS transect restrictedcross-track 180 m excludes adjacentroute.,"Four roads intersect local station transect: main route, two long outer loop-like roads and an additional western yard road. Additional western dead-end spur and end trap/neck extensions mapped. Platform footprints absent; operational line purposes unverified.",medium road geometry; platforms unknown,2026-10-08,2018-11-04T12:59:35Z,2025-02-17T07:33:28Z,,53021635;97246730;640865716;640865717;640865718;640865719;640865720;640865721,,osm_plots/SRTL_geometry.json,osm_plots/SRTL.png,https://www.openstreetmap.org/way/53021635;https://www.openstreetmap.org/way/97246730;https://www.openstreetmap.org/way/640865716;https://www.openstreetmap.org/way/640865717;https://www.openstreetmap.org/way/640865718;https://www.openstreetmap.org/way/640865719;https://www.openstreetmap.org/way/640865720;https://www.openstreetmap.org/way/640865721,Mapped-observed; absence is not proof of no feature. Map edit date is not survey date. Service=siding can describe a runningloop. No operational track count inferred solely from OSM.
TRVZ,,,1,,,See observations; classification not officially verified,Station footprint and approach throat approximately 1 km each side; full downloaded bounding box in source index. ERS transect restrictedcross-track 180 m excludes adjacentroute.,One through track. Platform-tagged polygon1226986966 looks like a short station building/covered-footprint rather than full passenger platform; full body/face count unresolved.,medium road; low platform geometry,2026-10-08,2025-02-17T07:33:28Z,2025-07-21T22:29:08Z,1226986966,97246730,,osm_plots/TRVZ_geometry.json,osm_plots/TRVZ.png,https://www.openstreetmap.org/way/97246730;https://www.openstreetmap.org/way/1096624374;https://www.openstreetmap.org/way/1226986966,Mapped-observed; absence is not proof of no feature. Map edit date is not survey date. Service=siding can describe a runningloop. No operational track count inferred solely from OSM.
MAKM,1,1,3,,,See observations; classification not officially verified,Station footprint and approach throat approximately 1 km each side; full downloaded bounding box in source index. ERS transect restrictedcross-track 180 m excludes adjacentroute.,"One clear sideplatform ref1(way798274551). Stationbuilding798274550 also taggedplatform but excluded to avoid double counting. Three long parallel roads; two outer roads taggedsidings but both-ended. Short southern auxiliaryloop, north refuge spur and south trap extension mapped. Actual current second platform not established.",high for mapped one body; medium completeness,2026-10-08,2018-11-04T12:59:36Z,2025-11-10T19:23:30Z,798274550;798274551,97246730;640865722;640865723;640865724;640865725;640865726,,osm_plots/MAKM_geometry.json,osm_plots/MAKM.png,https://www.openstreetmap.org/way/97246730;https://www.openstreetmap.org/way/640865722;https://www.openstreetmap.org/way/640865723;https://www.openstreetmap.org/way/640865724;https://www.openstreetmap.org/way/640865725;https://www.openstreetmap.org/way/640865726;https://www.openstreetmap.org/way/798274550;https://www.openstreetmap.org/way/798274551,Mapped-observed; absence is not proof of no feature. Map edit date is not survey date. Service=siding can describe a runningloop. No operational track count inferred solely from OSM.
KAVR,,,1,,,See observations; classification not officially verified,Station footprint and approach throat approximately 1 km each side; full downloaded bounding box in source index. ERS transect restrictedcross-track 180 m excludes adjacentroute.,One through track mapped at halt. No platform footprint.,medium road; platforms unknown,2026-10-08,2025-02-17T07:33:28Z,2025-02-17T07:33:28Z,,97246730,,osm_plots/KAVR_geometry.json,osm_plots/KAVR.png,https://www.openstreetmap.org/way/97246730,Mapped-observed; absence is not proof of no feature. Map edit date is not survey date. Service=siding can describe a runningloop. No operational track count inferred solely from OSM.
TMPY,,,1,,,See observations; classification not officially verified,Station footprint and approach throat approximately 1 km each side; full downloaded bounding box in source index. ERS transect restrictedcross-track 180 m excludes adjacentroute.,One through track mapped at halt. No platform footprint.,medium road; platforms unknown,2026-10-08,2025-02-17T07:33:28Z,2025-02-17T07:33:28Z,,97246730,,osm_plots/TMPY_geometry.json,osm_plots/TMPY.png,https://www.openstreetmap.org/way/97246730,Mapped-observed; absence is not proof of no feature. Map edit date is not survey date. Service=siding can describe a runningloop. No operational track count inferred solely from OSM.
ALLP,3,2,6,,,See observations; classification not officially verified,Station footprint and approach throat approximately 1 km each side; full downloaded bounding box in source index. ERS transect restrictedcross-track 180 m excludes adjacentroute.,Body 1 ref1; islandbody 2 refs2&3. Three passenger-adjacent roads plus three west-side serviceyard paths cross locator transect; one service path shorter than full yard. Service neck extends far south; total yardroad count depends on treatment of that continuation. South serviceway has passenger_lines=2 despite single physical geometry; do not count this tag as tracks.,high mapped platform geometry; medium track classification,2026-10-08,2018-11-04T15:21:43Z,2024-08-27T03:18:47Z,649481297;649481298,519388781;632741076;632741099;632741103;632741104;632741106;632741107;640907583;640907584;640907585;640907586;640907587;1114826164,,osm_plots/ALLP_geometry.json,osm_plots/ALLP.png,https://www.openstreetmap.org/way/519388781;https://www.openstreetmap.org/way/632741076;https://www.openstreetmap.org/way/632741099;https://www.openstreetmap.org/way/632741103;https://www.openstreetmap.org/way/632741104;https://www.openstreetmap.org/way/632741106;https://www.openstreetmap.org/way/632741107;https://www.openstreetmap.org/way/640907583;https://www.openstreetmap.org/way/640907584;https://www.openstreetmap.org/way/640907585;https://www.openstreetmap.org/way/640907586;https://www.openstreetmap.org/way/640907587;https://www.openstreetmap.org/way/649481297;https://www.openstreetmap.org/way/649481298;https://www.openstreetmap.org/way/1114826164,Mapped-observed; absence is not proof of no feature. Map edit date is not survey date. Service=siding can describe a runningloop. No operational track count inferred solely from OSM.
PNPR,,,1,,,See observations; classification not officially verified,Station footprint and approach throat approximately 1 km each side; full downloaded bounding box in source index. ERS transect restrictedcross-track 180 m excludes adjacentroute.,"One through track; platform footprint absent. Corrected OSM node3296422361 at9.4233973,76.3419377 uses alternate PUPR; officialstation code PNPR. Datameet PNPR point3km north rejected.",medium road; platforms unknown,2026-10-08,2025-12-27T10:26:09Z,2025-12-27T10:26:09Z,,618707708,,osm_plots/PNPR_geometry.json,osm_plots/PNPR.png,https://www.openstreetmap.org/way/618707708,Mapped-observed; absence is not proof of no feature. Map edit date is not survey date. Service=siding can describe a runningloop. No operational track count inferred solely from OSM.
AMPA,3,2,4,,,See observations; classification not officially verified,Station footprint and approach throat approximately 1 km each side; full downloaded bounding box in source index. ERS transect restrictedcross-track 180 m excludes adjacentroute.,"One west-side body and one islandbody imply3 track-adjacent faces. Four parallel roads through yard including outer east-side serviceyard road; additional west-side dead-end goods/yard spur and north/south trap/neck ends. North single-line and south double-line geometries visible, but no official turnout chainage established.",medium mapped platform inference; medium roads,2026-10-08,2018-11-04T15:21:43Z,2025-12-27T10:26:09Z,1034621340;1034621341,618707708;640907588;640907590;640907591;640907594;640907595;1034298611;1034298614;1034298617;1034298618,,osm_plots/AMPA_geometry.json,osm_plots/AMPA.png,https://www.openstreetmap.org/way/618707708;https://www.openstreetmap.org/way/640907588;https://www.openstreetmap.org/way/640907590;https://www.openstreetmap.org/way/640907591;https://www.openstreetmap.org/way/640907594;https://www.openstreetmap.org/way/640907595;https://www.openstreetmap.org/way/1034298611;https://www.openstreetmap.org/way/1034298614;https://www.openstreetmap.org/way/1034298617;https://www.openstreetmap.org/way/1034298618;https://www.openstreetmap.org/way/1034621340;https://www.openstreetmap.org/way/1034621341,Mapped-observed; absence is not proof of no feature. Map edit date is not survey date. Service=siding can describe a runningloop. No operational track count inferred solely from OSM.
TZH,2,2,2,,,See observations; classification not officially verified,Station footprint and approach throat approximately 1 km each side; full downloaded bounding box in source index. ERS transect restrictedcross-track 180 m excludes adjacentroute.,Two sideplatform bodies beside two continuous main tracks; no extra track mapped within inspected station bounding box.,high mapped geometry; current operational confirmation separate,2026-10-08,2022-02-22T20:38:37Z,2022-02-23T21:30:14Z,623159339;1034621338,619910178;619910190;619910191;619980222;619980232;1034621335,,osm_plots/TZH_geometry.json,osm_plots/TZH.png,https://www.openstreetmap.org/way/619910178;https://www.openstreetmap.org/way/619910190;https://www.openstreetmap.org/way/619910191;https://www.openstreetmap.org/way/619980222;https://www.openstreetmap.org/way/619980232;https://www.openstreetmap.org/way/623159339;https://www.openstreetmap.org/way/1034621335;https://www.openstreetmap.org/way/1034621338,Mapped-observed; absence is not proof of no feature. Map edit date is not survey date. Service=siding can describe a runningloop. No operational track count inferred solely from OSM.
KVTA,2,2,2,,,See observations; classification not officially verified,Station footprint and approach throat approximately 1 km each side; full downloaded bounding box in source index. ERS transect restrictedcross-track 180 m excludes adjacentroute.,Two sideplatform bodies beside two continuous main tracks; no extra track mapped within inspected station bounding box.,high mapped geometry; current operational confirmation separate,2026-10-08,2022-02-24T20:58:24Z,2025-05-27T22:33:36Z,1034910485;1034910486,467777629;1034621330,,osm_plots/KVTA_geometry.json,osm_plots/KVTA.png,https://www.openstreetmap.org/way/467777629;https://www.openstreetmap.org/way/1034621330;https://www.openstreetmap.org/way/1034910485;https://www.openstreetmap.org/way/1034910486,Mapped-observed; absence is not proof of no feature. Map edit date is not survey date. Service=siding can describe a runningloop. No operational track count inferred solely from OSM.
HAD,,,4,,,See observations; classification not officially verified,Station footprint and approach throat approximately 1 km each side; full downloaded bounding box in source index. ERS transect restrictedcross-track 180 m excludes adjacentroute.,Two continuousmain tracks +two long outer loop-like roads; northwest dead-end yard spur and short trap extensions mapped. Platform footprints absent.,medium roads; platforms unknown,2026-10-08,2018-11-04T15:21:43Z,2025-11-24T08:40:10Z,,467777629;520216267;640907596;640907597;640907598;640907599;640907600;640907601;640907602;640907603;640907604;640907605;1034621330,,osm_plots/HAD_geometry.json,osm_plots/HAD.png,https://www.openstreetmap.org/way/467777629;https://www.openstreetmap.org/way/520216267;https://www.openstreetmap.org/way/640907596;https://www.openstreetmap.org/way/640907597;https://www.openstreetmap.org/way/640907598;https://www.openstreetmap.org/way/640907599;https://www.openstreetmap.org/way/640907600;https://www.openstreetmap.org/way/640907601;https://www.openstreetmap.org/way/640907602;https://www.openstreetmap.org/way/640907603;https://www.openstreetmap.org/way/640907604;https://www.openstreetmap.org/way/640907605;https://www.openstreetmap.org/way/1034621330;https://www.openstreetmap.org/way/1278186313,Mapped-observed; absence is not proof of no feature. Map edit date is not survey date. Service=siding can describe a runningloop. No operational track count inferred solely from OSM.
CHPD,,,4,,,See observations; classification not officially verified,Station footprint and approach throat approximately 1 km each side; full downloaded bounding box in source index. ERS transect restrictedcross-track 180 m excludes adjacentroute.,Two main tracks plus one long west loop and shorter western auxiliary yardroad crossing locator transect. Additional crossover and trapextension geometry. Platform footprints absent.,medium roads; platforms unknown,2026-10-08,2018-11-04T15:21:44Z,2025-11-24T08:40:10Z,,175569539;520216267;640907606;640907607;640907608;640907609;640907610;640907611;640907612;1034621330,,osm_plots/CHPD_geometry.json,osm_plots/CHPD.png,https://www.openstreetmap.org/way/175569539;https://www.openstreetmap.org/way/520216267;https://www.openstreetmap.org/way/640907606;https://www.openstreetmap.org/way/640907607;https://www.openstreetmap.org/way/640907608;https://www.openstreetmap.org/way/640907609;https://www.openstreetmap.org/way/640907610;https://www.openstreetmap.org/way/640907611;https://www.openstreetmap.org/way/640907612;https://www.openstreetmap.org/way/1034621330,Mapped-observed; absence is not proof of no feature. Map edit date is not survey date. Service=siding can describe a runningloop. No operational track count inferred solely from OSM.
KYJ,5,3,6,,,See observations; classification not officially verified,Station footprint and approach throat approximately 1 km each side; full downloaded bounding box in source index. ERS transect restrictedcross-track 180 m excludes adjacentroute.,"Three bodies: western sidebody plus two islandbodies gives5 adjacentfaces. Middle island refs2;3 and eastern4;5; western side body wrongly repeats2;3 rather than1, so numbering is unresolved there. Six parallel station roads; one outsideeastisland has no platform face. Numerous throat crossovers/neck extensions not extra long roads.",medium mapped face inference; high body geometry,2026-10-08,2018-08-23T10:48:27Z,2026-07-09T15:19:18Z,273481410;827854368;827854369,178708239;520212087;520212088;608426664;608429017;619142867;619142868;619142870;620173327;620173334;640935823;640935828;640935829;640935831;640935833;640935835;640935837;640935839;640935841;640935843;640935845;640935847;661604977;661604985;827738561;827738562;827738563;827738564;827739544;827854367,,osm_plots/KYJ_geometry.json,osm_plots/KYJ.png,https://www.openstreetmap.org/way/178708239;https://www.openstreetmap.org/way/273481410;https://www.openstreetmap.org/way/520212087;https://www.openstreetmap.org/way/520212088;https://www.openstreetmap.org/way/608426664;https://www.openstreetmap.org/way/608429017;https://www.openstreetmap.org/way/619142867;https://www.openstreetmap.org/way/619142868;https://www.openstreetmap.org/way/619142870;https://www.openstreetmap.org/way/620173327;https://www.openstreetmap.org/way/620173334;https://www.openstreetmap.org/way/640935823;https://www.openstreetmap.org/way/640935828;https://www.openstreetmap.org/way/640935829;https://www.openstreetmap.org/way/640935831;https://www.openstreetmap.org/way/640935833;https://www.openstreetmap.org/way/640935835;https://www.openstreetmap.org/way/640935837;https://www.openstreetmap.org/way/640935839;https://www.openstreetmap.org/way/640935841;https://www.openstreetmap.org/way/640935843;https://www.openstreetmap.org/way/640935845;https://www.openstreetmap.org/way/640935847;https://www.openstreetmap.org/way/661604977;https://www.openstreetmap.org/way/661604985;https://www.openstreetmap.org/way/827738561;https://www.openstreetmap.org/way/827738562;https://www.openstreetmap.org/way/827738563;https://www.openstreetmap.org/way/827738564;https://www.openstreetmap.org/way/827739544;https://www.openstreetmap.org/way/827854367;https://www.openstreetmap.org/way/827854368;https://www.openstreetmap.org/way/827854369,Mapped-observed; absence is not proof of no feature. Map edit date is not survey date. Service=siding can describe a runningloop. No operational track count inferred solely from OSM.
