from_station,to_station,start_centre_coastal_km,end_centre_coastal_km,centre_interval_length_km,main_tracks_section_level,operational_status,exact_single_double_boundary_start_km,exact_single_double_boundary_end_km,source_ids,confidence_limitations,geometry_warning
ERS,KUMM,0.00,7.71,7.71,1,SINGLE; doubling under construction,,,PIB2026MAR,High at named-section level; present yard transition limits unresolved,Centre-to-centre representative interval ONLY; not exact switch limits; station loops not counted as main-line doubling
KUMM,TUVR,7.71,23.30,15.59,1,SINGLE; doubling under construction,,,PIB2026MAR,High at named-section level; present yard transition limits unresolved,Centre-to-centre representative interval ONLY; not exact switch limits; station loops not counted as main-line doubling
TUVR,MAKM,23.30,44.23,20.93,1,SINGLE; doubling sanctioned Feb2026; yard works tendered Sep2026,,,PIB2026TUVR;TUVR_TENDER2026,High named-section level; no commissioning found,Centre-to-centre representative interval ONLY; not exact switch limits; station loops not counted as main-line doubling
MAKM,ALLP,44.23,57.00,12.77,1,SINGLE; doubling sanctioned June2026,,,PIB2026MAKM,High named-section level; no commissioning found,Centre-to-centre representative interval ONLY; not exact switch limits; station loops not counted as main-line doubling
ALLP,AMPA,57.00,69.16,12.16,1,SINGLE; doubling sanctioned Feb2026,,,PIB2026FEB,High named-section level; exact transition within AMPA approach/yard unresolved,Centre-to-centre representative interval ONLY; not exact switch limits; station loops not counted as main-line doubling
AMPA,HAD,69.16,87.30,18.14,2,DOUBLE; completed project confirmed by Ministry2026,,,PIB2026MAR;AMPA_KRN2021,High named-section level; commissioningdate24Mar2021 secondary only,Centre-to-centre representative interval ONLY; not exact switch limits; station loops not counted as main-line doubling
HAD,KYJ,87.30,100.34,13.04,2,DOUBLE; baseline2025 system map; original commissioning order not yet recovered,,,SR2025,Baseline route status; yard edges not exact limits,Centre-to-centre representative interval ONLY; not exact switch limits; station loops not counted as main-line doubling
KYJ,TVC,100.34,205.66,105.32,2,DOUBLE; long-established trunk route,,,SR2025;PIB2022TRUNK,High named-section level; terminal transition at TVC unresolved,Centre-to-centre representative interval ONLY; not exact switch limits; station loops not counted as main-line doubling
TVC,ERL,205.66,258.30,52.64,1,SINGLE; doubling works ongoing as reported Oct2026,,,SR2025;SOUTH_RTI_2026,Provisional current status pending parentprimary evidence,Centre-to-centre representative interval ONLY; not exact switch limits; station loops not counted as main-line doubling
ERL,NJT,258.30,271.67,13.37,2,DOUBLE reported commissioned March2026; primary confirmation pending,,,SOUTH_RTI_2026,Provisional; do not depict as primaryverified,Centre-to-centre representative interval ONLY; not exact switch limits; station loops not counted as main-line doubling
NJT,NCJ,271.67,276.71,5.04,2,DOUBLE; dedicated to nation July2025 as part NJT-CAPE,,,PIB2025NJT,High named-section level; exact commissioning boundaries unresolved,Centre-to-centre representative interval ONLY; not exact switch limits; station loops not counted as main-line doubling
