source_id,title,source_date,source_type,url,supports,limitations
SR2025,Southern Railway system map as on 01 April 2025,2025-04-01,primary,https://sr.indianrailways.gov.in/cris/uploads/files/1748431911655-System%20Map%202025%20Signed.pdf,All 55 current route station/halts; map station chainages; route chainage datum anchors,"Direct web-tool extracted PDF text inspected; original PDF download from local shell returned HTML and was removed. Station-centre km, not turnout positions. Map not to scale; current names TVCN/TVCS; map TZHI conflicts official station list TZH; Veli VE differs popular VELI."
SRLIST2025,Southern Railway station list as on 01 April 2025,2025-04-01,primary,https://sr.indianrailways.gov.in/cris/uploads/files/1748432112041-List%20of%20stations%20as%20on%2001042025.pdf,Station identities/categories incl TZH; Veli as VE,Official list retains old KCVL/NEM whereas system map includes renamed TVCN/TVCS. No platform or yard counts.
PIB2017TNU,Closure of Tirunettur train halt,2017-07-10,primary,https://www.pib.gov.in/PressReleasePage.aspx?PRID=1496332&lang=2&reg=48,TNU closed effective 10 July 2017; train stops withdrawn 11 July,Do not include as operational halt. Retain closed location for map completeness; exact historic chainage unverified.
PIB2026FEB,Major projects approval: Alappuzha-Ambalapuzha,2026-02-09,primary,https://www.pib.gov.in/PressReleasePage.aspx?PRID=2225440&lang=1&reg=1,12.66 km ALLP-AMPA doubling sanctioned,Sanction is not commissioning; project length differs station-centre 12.16 km.
PIB2026TUVR,Turavur-Mararikulam doubling sanctioned,2026-02-26,primary,https://www.pib.gov.in/PressReleasePage.aspx?PRID=2233140&lang=2&reg=3,21.10 km TUVR-MAKM doubling sanctioned,Sanction is not commissioning; station-centre difference20.93 km.
PIB2026MAR,Kerala Railway Budget2026-27 project status,2026-03-11,primary,https://www.pib.gov.in/PressReleasePage.aspx?PRID=2238570&lang=1&reg=3,ERS-KUMM and KUMM-TUVR ongoing; AMPA-HAD completed,Land-acquisition progress and sanctioned projects; cannot set present turnout boundaries.
PIB2026MAKM,Mararikulam-Alappuzha doubling approval,2026-06-08,primary,https://www.pib.gov.in/PressReleasePage.aspx?PRID=2270368&lang=1&reg=48,10.65 km MAKM-ALLP doubling sanctioned,Wording only remaining single-line conflates other projects commissioned OR under implementation. Never infer all other single track already doubled. Project length10.65 vs centre difference12.77 km shows different limits.
PIB2022TRUNK,Dedication of Kottayam doubling and other Kerala projects,2022-09-01,primary,https://www.pib.gov.in/Pressreleaseshare.aspx?PRID=1856136&lang=2&reg=48,TVC-Mangaluru via Kottayam fully doubled by2022,This does NOT apply to ERS-ALLP-AMPA. Supports long-established KYJ-TVC double route.
ALLP_PARLIAMENT,Regarding construction of two additional platforms at Alappuzha,exact date unverified,primary MP statement; operational claim not engineering certification,https://eparlib.sansad.in/bitstream/123456789/2981846/1/995.pdf,Alappuzha currently has three platforms; two additional requested,"Search indexed excerpt inspected. Direct fetch timeout. Exact date pending verification; use as dated reported count only, not 2026 proof."
TUVR_TENDER2026,27-CE-CN-ERS-2026-OT yard works,2026-09-23 closing,official tender mirrored by secondary host,https://tenders.infralens.in/tender/railways-doubling-of-track-between-turavur-mararikulam-tuvr-makm-section-propos-4,Cherthala construction package32.100-34.300; Mararikulam43.300-45.100,These are construction worksite limits NOT existing station limits or single/double transitions. Native IREPS document needed.
KUMM_TENDER2024,07-CE-CN-ERS-2024-OT Kumbalam yard works,2024-03-12,official tender mirrored by secondary host,https://www.scribd.com/document/766378871/viewNitPdf-4500371,Kumbalam construction package6.600-8.700,Not operational doubling boundary; planned platform and track work.
NEMOM_SIA2024,SIA Nemom terminal draft report,2024-03,primary Kerala CMD,https://cmd.kerala.gov.in/wp-content/uploads/2024/03/SIA-NEMOM-TERMINAL-ENGLISH-DRAFT-REPORT.pdf,Planned5-road station4platforms3stabling lines1shunting neck,FUTURE scope only. Never enter these as commissioned current counts.
AMPA_KRN2021,Ambalapuzha-Haripad double line commissioned,2021-03-24,secondary report,https://keralarailnews.com/1269/ambalapuzha-haripad-double-line-section-finally-commissioned,Reported full double-line operation on24March2021; first new line2020 while old line closed for regrading,Date lead to check primary commissioning; double operational status independently supported by PIB2026 completed-project listing.
PIB2025NJT,PM dedicates Nagercoil Town-Kanniyakumari doubling,2025-07-26,primary PMO/PIB,https://www.pib.gov.in/PressReleasePage.aspx?PRID=2148955&lang=2&reg=48,Primary dedication evidence covering NJT-NCJ as part21km NJT-CAPE,Inspected by parent researcher; does not provide precise turnout chainages or individual yard inventories.
SOUTH_RTI_2026,Southern Railway RTI reply reported by The New Indian Express,2026-10-04,secondary report quoting railway RTI reply,https://www.newindianexpress.com/states/kerala/2026/Oct/04/thiruvananthapuram-kanyakumari-third-railway-lines-dpr-to-be-submitted-by-march-2027,Reports ERL-NJT commissioned March2026 and TVC-ERL works ongoing,Original RTI reply and official commissioning notice not recovered. Reported project lengths are not station-centre differences or exact operational boundary limits.
WIKIPEDIA2026,Wikipedia station article revisions and Thiruvananthapuram rail table,2026-10-08 accessed,Secondary reported counts; exact revisions in wikipedia_counts.csv,https://en.wikipedia.org/wiki/Thiruvananthapuram#Rail,"37 station platform counts; separate current, planned and internally conflicting claims","Infobox counts generally lack direct inline citations. Count-specific article and revision URLs, raw text, and mixed city-table track sources are retained in station_register.csv and wikipedia_counts.csv. Reported figures are not official engineering certification."
