station_code,evidence_class,observed_on,source_url,station_node_ids,mapped_roads_at_station_marker_transect,mapped_platform_bodies,mapped_platform_faces_including_unverified_historical_use,mapped_crossing_loop_alignments,mapped_dead_end_extensions_simple_station_only,official_current_running_lines,official_current_platform_faces,official_current_sidings,rail_way_ids,platform_way_ids,excluded_nonoperational_way_ids,map_geometry_edit_min,map_geometry_edit_max,notes,inspection_plot
TVCS,direct OSM geometry observation; NOT verified current operations,2026-10-08,"https://api.openstreetmap.org/api/0.6/map?bbox=77.0006930,8.4462330,77.0186930,8.4642330",979148803,2,,,1,2,,,,397808851;642058763;642058764;642058765,,,2018-11-08T04:29:32Z,2025-03-13T06:48:30Z,Two mapped rail roads through station area: one main alignment and a connected loop with short dead-end extensions at both ends. No platform geometry mapped. Terminal redevelopment may have added unrecorded roads/platforms; do not use as 2026 operational total.,osm_plots/TVCS.png
BRAM,direct OSM geometry observation; NOT verified current operations,2026-10-08,"https://api.openstreetmap.org/api/0.6/map?bbox=77.0423209,8.4211075,77.0603209,8.4391075",304986485,1,1,1,0,0,,,,385040651;397808847;548373998;548373999,566006171,566006169,2021-01-02T21:18:53Z,2023-10-25T06:26:14Z,One mapped main rail alignment and one side-platform polygon. Proposed Vizhinjam freight link is explicitly railway=proposed and excluded. No mapped loop; current doubling/port works not inferred complete.,osm_plots/BRAM.png
NYY,direct OSM geometry observation; NOT verified current operations,2026-10-08,"https://api.openstreetmap.org/api/0.6/map?bbox=77.0721100,8.4014100,77.0901100,8.4194100",304986468,2,,,1,0,,,,385040651;642058766;642058767,,,2018-11-08T04:29:33Z,2022-06-22T05:59:03Z,One main and one crossing-loop alignment at station centre; an additional short connected branch on loop south end creates a local third road. No platform geometry. Siding service tags are not operating classifications.,osm_plots/NYY.png
AMVA,direct OSM geometry observation; NOT verified current operations,2026-10-08,"https://api.openstreetmap.org/api/0.6/map?bbox=77.0913620,8.3881090,77.1093620,8.4061090",979148734,1,,,0,0,,,,31546483;385040649,,,2021-01-02T21:21:11Z,2025-12-17T11:55:07Z,One mapped main alignment; no platform objects. Absence of platform polygons does not mean zero platforms. Bridge split ways constitute one physical road.,osm_plots/AMVA.png
DAVM,direct OSM geometry observation; NOT verified current operations,2026-10-08,"https://api.openstreetmap.org/api/0.6/map?bbox=77.1153520,8.3698020,77.1333520,8.3878020",979109081,1,,,0,0,,,,31546483,,,2025-12-17T11:55:07Z,2025-12-17T11:55:07Z,"One mapped main alignment; no platform polygons. Source mainline last edited December 2025, not evidence of 2026 commissioning.",osm_plots/DAVM.png
PASA,direct OSM geometry observation; NOT verified current operations,2026-10-08,"https://api.openstreetmap.org/api/0.6/map?bbox=77.1564897,8.3308400,77.1744897,8.3488400",431201162,2,,,1,2,,,,31546483;547346149;642058768;642058769;642058770,,,2018-11-08T04:29:33Z,2025-12-17T11:55:07Z,One mapped main alignment and connected crossing loop with two short dead-end extensions. No platform objects. Do not count three OSM siding ways as three roads.,osm_plots/PASA.png
KZTW,direct OSM geometry observation; NOT verified current operations,2026-10-08,"https://api.openstreetmap.org/api/0.6/map?bbox=77.2007920,8.3147340,77.2187920,8.3327340",431216038,1,,,0,0,,,,146626683;256000172;256000173;547346150;547434722;547434723;547434725,,,2021-01-02T17:50:38Z,2021-01-02T21:40:27Z,"One mapped main alignment, divided into bridge/non-bridge ways. No platform objects. Seven ways are not seven tracks.",osm_plots/KZTW.png
KZT,direct OSM geometry observation; NOT verified current operations,2026-10-08,"https://api.openstreetmap.org/api/0.6/map?bbox=77.2098170,8.2933480,77.2278170,8.3113480",353002120,2,,,1,0,,,,146626681;547434724;547434725;642058771;642058772,,,2018-11-08T04:29:33Z,2023-01-11T07:24:26Z,Two mapped roads at station marker; short additional connected yard branch creates three locally north of marker. No platform geometry. Exact operational road use unresolved.,osm_plots/KZT.png
PYD,direct OSM geometry observation; NOT verified current operations,2026-10-08,"https://api.openstreetmap.org/api/0.6/map?bbox=77.2506830,8.2561500,77.2686830,8.2741500",979109108,1,,,0,0,,,,206074319,,,2024-10-01T03:16:22Z,2024-10-01T03:16:22Z,One mapped main alignment; no platform objects. Do not infer current platform count from absence of mapping.,osm_plots/PYD.png
ERL,direct OSM geometry observation; NOT verified current operations,2026-10-08,"https://api.openstreetmap.org/api/0.6/map?bbox=77.2991610,8.2035490,77.3171610,8.2215490",979109389,2,2,2,1,1,,,,256075026;256080323;547326373;642058773;642058774,850565293;850565294,1180712994;1180712997,2020-09-23T16:31:34Z,2025-12-17T11:41:33Z,"Two normal railway=rail roads at station marker, short southern dead-end yard siding, two side-platform polygons. Separate third alignment tagged railway=construction is excluded. Mapping predates reported March 2026 doubling and is not current operational total.",osm_plots/ERL.png
VRLR,direct OSM geometry observation; NOT verified current operations,2026-10-08,"https://api.openstreetmap.org/api/0.6/map?bbox=77.3596992,8.1856449,77.3776992,8.2036449",3213676860,1,,,0,0,,,,256080322,,1180712994,2025-10-02T05:31:37Z,2025-12-17T11:41:33Z,One normal rail alignment plus parallel railway=construction alignment. No platform polygons. December 2025 construction tag may be stale after reported March 2026 commissioning; current double-line status requires later official evidence.,osm_plots/VRLR.png
NJT,direct OSM geometry observation; NOT verified current operations,2026-10-08,"https://api.openstreetmap.org/api/0.6/map?bbox=77.4104318,8.1905718,77.4284318,8.2085718",979109394,1,2,,0,0,,,,256080322,383031394;1180712996,1180712994,2023-06-09T16:54:51Z,2025-12-17T11:41:33Z,"One normal rail alignment and a second tagged railway=construction, with two long platform bodies on opposite sides. One normal-rail-adjacent face and one construction-side face in mapped geometry; do not report two current operational platforms without evidence. Both geometry and tagging predate 2026 commissioning.",osm_plots/NJT.png
NCJ,direct OSM geometry observation; NOT verified current operations,2026-10-08,"https://api.openstreetmap.org/api/0.6/map?bbox=77.4314700,8.1618500,77.4554700,8.1858500",353002292,13,2,4,,,,,,96235911;96235954;96236013;96236046;256080322;383031399;383031401;383031403;514385386;514385387;514385388;514385389;514385390;514385391;642058776;642058777;642058778;642058779;642058780;642058781;642058782;642058783;642061244;642061245;642061246;642061247;992276367;992276368;992276369;992488427;1180712998;1239339982;1294719458;1302623380;1302623382;1302623383;1344797413;1434793650;1434794786;1434794787;1434794788;1434794789;1434794790;1434795154;1434795155;1434795156;1434795158;1434795159,514385384;514385385,1180712994,2018-11-08T04:29:33Z,2025-12-17T11:41:33Z,"Complex mapped yard: 13 railway=rail centreline crossings at entrance-marker transect and 15 at +100 m, including yard/service roads, not an official station-line total. Two platform bodies depict main side/bay arrangement plus island; four historical platform positions inferred with separate 1A bay evidence. Several short sidings lie outside central transect. Approach construction tags are stale relative to official 2025 NJT-CAPE dedication; current 2026 remodelling totals unresolved.",osm_plots/NCJ.png
