station_code,status,wikipedia_language,wikipedia_reported_platforms,wikipedia_reported_tracks,wikipedia_platforms_numeric,wikipedia_tracks_numeric,article_url,revision_url,revision_id,revision_timestamp,accessed_date,platform_field_raw,tracks_field_raw,platform_inline_citation_present,tracks_inline_citation_present,wikipedia_conflict_notes,count_source_class,wikipedia_tracks_source_url,wikipedia_tracks_revision_id,wikipedia_tracks_revision_timestamp,wikipedia_tracks_source_class
ERS,FOUND,en,6,10,6,10,https://en.wikipedia.org/wiki/Ernakulam_Junction_railway_station,https://en.wikipedia.org/w/index.php?oldid=1376428614,1376428614,2026-09-24T02:35:43Z,2026-10-08,6,10,False,False,"No specific conflict identified in this pass. Infobox count is reported, not independently verified as a current engineering inventory.","Wikipedia article infobox, reported secondary figure",,,,
TNU,MISSING,,,,,,,,,,,,,,,Standalone English station article not found under tested title; alternate titles or other-language coverage may exist.,,,,,
KUMM,MISSING,,,,,,,,,,,,,,,Standalone English station article not found under tested title; alternate titles or other-language coverage may exist.,,,,,
AROR,MISSING,,,,,,,,,,,,,,,Standalone English station article not found under tested title; alternate titles or other-language coverage may exist.,,,,,
EZP,MISSING,,,,,,,,,,,,,,,Standalone English station article not found under tested title; alternate titles or other-language coverage may exist.,,,,,
TUVR,FOUND,en,2,3,2,3,https://en.wikipedia.org/wiki/Thuravoor_railway_station,https://en.wikipedia.org/w/index.php?oldid=1370999246,1370999246,2026-08-24T02:43:49Z,2026-10-08,2,3,False,False,"No specific conflict identified in this pass. Infobox count is reported, not independently verified as a current engineering inventory.","Wikipedia article infobox, reported secondary figure",,,,
VAY,MISSING,,,,,,,,,,,,,,,Standalone English station article not found under tested title; alternate titles or other-language coverage may exist.,,,,,
SRTL,FOUND,en,3,5,3,5,https://en.wikipedia.org/wiki/Cherthala_railway_station,https://en.wikipedia.org/w/index.php?oldid=1370893279,1370893279,2026-08-23T16:34:52Z,2026-10-08,3,5,False,False,"No specific conflict identified in this pass. Infobox count is reported, not independently verified as a current engineering inventory.","Wikipedia article infobox, reported secondary figure",,,,
TRVZ,MISSING,,,,,,,,,,,,,,,Standalone English station article not found under tested title; alternate titles or other-language coverage may exist.,,,,,
MAKM,FOUND,en,2,2,2,2,https://en.wikipedia.org/wiki/Mararikulam_railway_station,https://en.wikipedia.org/w/index.php?oldid=1371195631,1371195631,2026-08-25T03:44:58Z,2026-10-08,2,2,False,False,"Internal conflict: infobox reports 2 platforms and 2 tracks; layout text says 3 rail lines with only 1 platform-access line. OSM maps one clear platform body and three long roads. Retain 2 as Wikipedia-reported, mark disputed.","Wikipedia article infobox, reported secondary figure",,,,
KAVR,MISSING,,,,,,,,,,,,,,,Standalone English station article not found under tested title; alternate titles or other-language coverage may exist.,,,,,
TMPY,MISSING,,,,,,,,,,,,,,,Standalone English station article not found under tested title; alternate titles or other-language coverage may exist.,,,,,
ALLP,FOUND,en,3 ( 4 th Platform is Under Construction ),6,3,6,https://en.wikipedia.org/wiki/Alappuzha_railway_station,https://en.wikipedia.org/w/index.php?oldid=1376888425,1376888425,2026-09-26T20:13:32Z,2026-10-08,3 ( 4 th Platform is Under Construction ),6,False,False,"Infobox reports 3 platforms with a fourth under construction; displayed current reported count is 3, never 4. Six tracks reported. OSM shows 3 faces on 2 bodies.","Wikipedia article infobox, reported secondary figure",,,,
PNPR,MISSING,,,,,,,,,,,,,,,Standalone English station article not found under tested title; alternate titles or other-language coverage may exist.,,,,,
AMPA,FOUND,en,3,5,3,5,https://en.wikipedia.org/wiki/Ambalappuzha_railway_station,https://en.wikipedia.org/w/index.php?oldid=1376667113,1376667113,2026-09-25T15:17:46Z,2026-10-08,3,5,False,False,"Infobox reports 3 platforms and 5 tracks. Layout prose appears copied from Alappuzha, naming that other station and its escalators; it does not independently corroborate Ambalappuzha.","Wikipedia article infobox, reported secondary figure",,,,
TZH,FOUND,en,1,2,1,2,https://en.wikipedia.org/wiki/Thakazhy_railway_station,https://en.wikipedia.org/w/index.php?oldid=1362202623,1362202623,2026-07-02T13:51:00Z,2026-10-08,1,2,False,False,Article reports1platform/2tracks but OSM maps2sideplatforms. InfoboxstationcodeTKZ conflicts with bodyTZH; officialTZH retained. Count disputed by mappedgeometry.,"Wikipedia station article infobox, reported secondary figure",,,,
KVTA,MISSING,,,,,,,,,,,,,,,Standalone English station article not found under tested title; alternate titles or other-language coverage may exist.,,,,,
HAD,FOUND,en,2,4,2,4,https://en.wikipedia.org/wiki/Haripad_railway_station,https://en.wikipedia.org/w/index.php?oldid=1371001349,1371001349,2026-08-24T02:50:49Z,2026-10-08,2,4,False,False,Wikipedia currently reports 2 platforms and 4 tracks. No platform bodies mapped in inspected OSM; completeness cannot be cross-checked from that source.,"Wikipedia article infobox, reported secondary figure",,,,
CHPD,MISSING,,,,,,,,,,,,,,,Standalone English station article not found under tested title; alternate titles or other-language coverage may exist.,,,,,
KYJ,FOUND,en,5,6,5,6,https://en.wikipedia.org/wiki/Kayamkulam_Junction_railway_station,https://en.wikipedia.org/w/index.php?oldid=1371201897,1371201897,2026-08-25T04:26:26Z,2026-10-08,5,6,False,False,"No specific conflict identified in this pass. Infobox count is reported, not independently verified as a current engineering inventory.","Wikipedia article infobox, reported secondary figure",,,,
OCR,FOUND,en,2,4,2,4,https://en.wikipedia.org/wiki/Ochira_railway_station,https://en.wikipedia.org/w/index.php?oldid=1376863846,1376863846,2026-09-26T17:44:44Z,2026-10-08,2,4,False,False,"No specific conflict identified in this pass. Infobox count is reported, not independently verified as a current engineering inventory.","Wikipedia article infobox, reported secondary figure",,,,
KPY,FOUND,en,3,5,3,5,https://en.wikipedia.org/wiki/Karunagappalli_railway_station,https://en.wikipedia.org/w/index.php?oldid=1373087863,1373087863,2026-09-04T00:24:13Z,2026-10-08,3,5,False,False,"No specific conflict identified in this pass. Infobox count is reported, not independently verified as a current engineering inventory.","Wikipedia article infobox, reported secondary figure",,,,
STKT,FOUND,en,2,4,2,4,https://en.wikipedia.org/wiki/Sasthamkotta_railway_station,https://en.wikipedia.org/w/index.php?oldid=1370896931,1370896931,2026-08-23T16:50:22Z,2026-10-08,2,4,False,False,"No specific conflict identified in this pass. Infobox count is reported, not independently verified as a current engineering inventory.","Wikipedia article infobox, reported secondary figure",,,,
MQO,FOUND,en,2,2,2,2,https://en.wikipedia.org/wiki/Munroturuttu_railway_station,https://en.wikipedia.org/w/index.php?oldid=1376920840,1376920840,2026-09-27T00:32:02Z,2026-10-08,2,2,False,False,"No specific conflict identified in this pass. Infobox count is reported, not independently verified as a current engineering inventory.","Wikipedia article infobox, reported secondary figure",,,,
PRND,FOUND,en,2,4,2,4,https://en.wikipedia.org/wiki/Perinad_railway_station,https://en.wikipedia.org/w/index.php?oldid=1370811459,1370811459,2026-08-23T05:31:04Z,2026-10-08,2,4,False,False,"No specific conflict identified in this pass. Infobox count is reported, not independently verified as a current engineering inventory.","Wikipedia article infobox, reported secondary figure",,,,
QLN,FOUND,en,"6 (1A,1,2,3,4,5)",17,6,17,https://en.wikipedia.org/wiki/Kollam_Junction_railway_station,https://en.wikipedia.org/w/index.php?oldid=1376697868,1376697868,2026-09-25T18:50:05Z,2026-10-08,"6 (1A,1,2,3,4,5)",17,False,False,"Six numbered platform positions explicitly listed as 1A,1,2,3,4,5. This is not automatically six uninterrupted physical boarding edges; OSM maps 3 platform bodies.","Wikipedia article infobox, reported secondary figure",,,,
IRP,FOUND,en,2,2,2,2,https://en.wikipedia.org/wiki/Eravipuram_railway_station,https://en.wikipedia.org/w/index.php?oldid=1370914859,1370914859,2026-08-23T18:07:34Z,2026-10-08,2,2,False,False,"No specific conflict identified in this pass. Infobox count is reported, not independently verified as a current engineering inventory.","Wikipedia article infobox, reported secondary figure",,,,
MYY,FOUND,en,2,2,2,2,https://en.wikipedia.org/wiki/Mayyanad_railway_station,https://en.wikipedia.org/w/index.php?oldid=1376811754,1376811754,2026-09-26T10:22:42Z,2026-10-08,2,2,False,False,"No specific conflict identified in this pass. Infobox count is reported, not independently verified as a current engineering inventory.","Wikipedia article infobox, reported secondary figure",,,,
PVU,FOUND,en,3,5,3,5,https://en.wikipedia.org/wiki/Paravur_railway_station,https://en.wikipedia.org/w/index.php?oldid=1376799028,1376799028,2026-09-26T07:51:10Z,2026-10-08,3,5,False,False,"No specific conflict identified in this pass. Infobox count is reported, not independently verified as a current engineering inventory.","Wikipedia article infobox, reported secondary figure",,,,
KFI,FOUND,en,2,2,2,2,https://en.wikipedia.org/wiki/Kappil_railway_station,https://en.wikipedia.org/w/index.php?oldid=1371200140,1371200140,2026-08-25T04:15:01Z,2026-10-08,2,2,False,False,"No specific conflict identified in this pass. Infobox count is reported, not independently verified as a current engineering inventory.","Wikipedia article infobox, reported secondary figure",,,,
EVA,MISSING,,,,,,,,,,,,,,,Standalone English station article not found under tested title; alternate titles or other-language coverage may exist.,,,,,
VAK,FOUND,en,3,5,3,5,https://en.wikipedia.org/wiki/Varkala_Sivagiri_railway_station,https://en.wikipedia.org/w/index.php?oldid=1371011384,1371011384,2026-08-24T03:31:08Z,2026-10-08,3,5,False,False,"No specific conflict identified in this pass. Infobox count is reported, not independently verified as a current engineering inventory.","Wikipedia article infobox, reported secondary figure",,,,
AMY,FOUND,en,2,2,2,2,https://en.wikipedia.org/wiki/Akathumuri_railway_station,https://en.wikipedia.org/w/index.php?oldid=1370763412,1370763412,2026-08-22T23:57:51Z,2026-10-08,2,2,False,False,"No specific conflict identified in this pass. Infobox count is reported, not independently verified as a current engineering inventory.","Wikipedia article infobox, reported secondary figure",,,,
KVU,FOUND,en,3,4,3,4,https://en.wikipedia.org/wiki/Kadakkavoor_railway_station,https://en.wikipedia.org/w/index.php?oldid=1376741290,1376741290,2026-09-26T00:09:55Z,2026-10-08,3,4,False,False,"No specific conflict identified in this pass. Infobox count is reported, not independently verified as a current engineering inventory. Track figure supplied separately by the city rail table; station infobox did not state tracks. Planned construction count is excluded.","Wikipedia article infobox, reported secondary figure",https://en.wikipedia.org/w/index.php?title=Thiruvananthapuram&oldid=1379039524#Rail,1379039524,2026-10-07T15:12:00Z,City rail table (not station infobox)
CRY,FOUND,en,2,2,2,2,https://en.wikipedia.org/wiki/Chirayinkeezhu_railway_station,https://en.wikipedia.org/w/index.php?oldid=1370894752,1370894752,2026-08-23T16:41:08Z,2026-10-08,2,2,False,False,"No specific conflict identified in this pass. Infobox count is reported, not independently verified as a current engineering inventory.","Wikipedia article infobox, reported secondary figure",,,,
PGZ,MISSING,,,,,,,,,,,,,,,Standalone English station article not found under tested title; alternate titles or other-language coverage may exist.,,,,,
MQU,MISSING,,,,,,,,,,,,,,,Standalone English station article not found under tested title; alternate titles or other-language coverage may exist.,,,,,
KXP,FOUND,en,2,,2,,https://en.wikipedia.org/wiki/Thiruvananthapuram#Rail,https://en.wikipedia.org/w/index.php?title=Thiruvananthapuram&oldid=1379039524#Rail,1379039524,2026-10-07T15:12:00Z,2026-10-08,2,,False,False,"Cityrailtable reports2platforms,trackcellblank; OSMplatformfootprintsabsent.","Wikipedia city article rail table, reported secondary figure",,,,
KZK,FOUND,en,3,4,3,4,https://en.wikipedia.org/wiki/Thiruvananthapuram#Rail,https://en.wikipedia.org/w/index.php?title=Thiruvananthapuram&oldid=1379039524#Rail,1379039524,2026-10-07T15:12:00Z,2026-10-08,3,4,False,False,Cityrailtable reports3platforms/4tracks; OSMplatformfootprintsabsent.,"Wikipedia city article rail table, reported secondary figure",,,,
VELI,FOUND,en,3,4,3,4,https://en.wikipedia.org/wiki/Thiruvananthapuram#Rail,https://en.wikipedia.org/w/index.php?title=Thiruvananthapuram&oldid=1379039524#Rail,1379039524,2026-10-07T15:12:00Z,2026-10-08,3,4,False,False,Cityrailtable reports3platforms/4tracks; OSMmaps2mainroads andonepartialplatform. Needs independentcorroboration; do not treat as confirmedcurrentinventory.,"Wikipedia city article rail table, reported secondary figure",,,,
TVCN,FOUND,en,6,13,6,13,https://en.wikipedia.org/wiki/Thiruvananthapuram_North_railway_station,https://en.wikipedia.org/w/index.php?oldid=1371326616,1371326616,2026-08-25T22:40:55Z,2026-10-08,6,13,False,False,Infobox reports 6 platforms and 13 tracks. Article discusses future expansion to 10 platforms; planned figure is not counted.,"Wikipedia article infobox, reported secondary figure",,,,
TVP,FOUND,en,2,2,2,2,https://en.wikipedia.org/wiki/Thiruvananthapuram_Pettah_railway_station,https://en.wikipedia.org/w/index.php?oldid=1371326624,1371326624,2026-08-25T22:40:56Z,2026-10-08,2,2,False,False,"No specific conflict identified in this pass. Infobox count is reported, not independently verified as a current engineering inventory.","Wikipedia article infobox, reported secondary figure",,,,
TVC,FOUND,en,5,16,5,16,https://en.wikipedia.org/wiki/Thiruvananthapuram_Central_railway_station,https://en.wikipedia.org/w/index.php?oldid=1371439179,1371439179,2026-08-26T12:51:10Z,2026-10-08,5,16,False,False,"No specific conflict identified in this pass. Infobox count is reported, not independently verified as a current engineering inventory.","Wikipedia article infobox, reported secondary figure",,,,
TVCS,FOUND,en,2,3,2,3,https://en.wikipedia.org/wiki/Thiruvananthapuram_South_railway_station,https://en.wikipedia.org/w/index.php?oldid=1376454705,1376454705,2026-09-24T06:13:01Z,2026-10-08,2,3 (12*) ; * Indicates currently under construction,False,False,Infobox reports 2 platforms. Separate body proposal for 5 platforms is future development and not counted. Old NEM code on Wikipedia does not override official TVCS code. Track figure supplied separately by the city rail table; station infobox did not state tracks. Planned construction count is excluded.,"Wikipedia article infobox, reported secondary figure",https://en.wikipedia.org/w/index.php?title=Thiruvananthapuram&oldid=1379039524#Rail,1379039524,2026-10-07T15:12:00Z,City rail table (not station infobox)
BRAM,FOUND,en,1,,1,,https://en.wikipedia.org/wiki/Thiruvananthapuram#Rail,https://en.wikipedia.org/w/index.php?title=Thiruvananthapuram&oldid=1379039524#Rail,1379039524,2026-10-07T15:12:00Z,2026-10-08,1,,False,False,"Cityrailtable reports1platform,trackcellblank; matches one mappedsideplatform.","Wikipedia city article rail table, reported secondary figure",,,,
NYY,FOUND,en,2,2,2,2,https://en.wikipedia.org/wiki/Neyyattinkara_railway_station,https://en.wikipedia.org/w/index.php?oldid=1370959079,1370959079,2026-08-23T22:51:46Z,2026-10-08,2,2,False,False,Infobox reports 2 platforms and 2 tracks; article notes weak inline sourcing. Ongoing doubling/redevelopment can make an uncited count stale.,"Wikipedia article infobox, reported secondary figure",,,,
AMVA,MISSING,,,,,,,,,,,,,,,Standalone English station article not found under tested title; alternate titles or other-language coverage may exist.,,,,,
DAVM,MISSING,,,,,,,,,,,,,,,Standalone English station article not found under tested title; alternate titles or other-language coverage may exist.,,,,,
PASA,FOUND,en,2,2,2,2,https://en.wikipedia.org/wiki/Parassala_railway_station,https://en.wikipedia.org/w/index.php?oldid=1376791810,1376791810,2026-09-26T06:40:11Z,2026-10-08,2,2,False,False,"No specific conflict identified in this pass. Infobox count is reported, not independently verified as a current engineering inventory.","Wikipedia article infobox, reported secondary figure",,,,
KZTW,MISSING,,,,,,,,,,,,,,,Standalone English station article not found under tested title; alternate titles or other-language coverage may exist.,,,,,
KZT,FOUND,en,2,2,2,2,https://en.wikipedia.org/wiki/Kuzhithura_railway_station,https://en.wikipedia.org/w/index.php?title=Kuzhithura_railway_station&oldid=1371323899,1371323899,2026-08-25T22:27:00Z,2026-10-08,2,2,False,False,Article title uses Kuzhithura; body uses Kuzhithurai and official register uses Kulitturai. Earlier exact-title lookup missed this alias. Infobox and body report 2 platforms; infobox reports 2 tracks. IRI independently reports 2 platforms.,"Wikipedia article infobox, reported secondary figure",,,,
PYD,MISSING,,,,,,,,,,,,,,,Standalone English station article not found under tested title; alternate titles or other-language coverage may exist.,,,,,
ERL,FOUND,en,2,2,2,2,https://en.wikipedia.org/wiki/Eraniel_railway_station,https://en.wikipedia.org/w/index.php?oldid=1376686764,1376686764,2026-09-25T17:37:53Z,2026-10-08,2,2,False,False,Infobox reports 2 platforms and 2 tracks. Reported March2026 doubling and older OSM construction tags mean current post-remodelling inventory needs checking.,"Wikipedia article infobox, reported secondary figure",,,,
VRLR,FOUND,en,1,1,1,1,https://en.wikipedia.org/wiki/Viranialur_railway_station,https://en.wikipedia.org/w/index.php?oldid=1362203851,1362203851,2026-07-02T13:59:00Z,2026-10-08,1,1,False,False,Infoboxandbody report1platform/1track. Likely older than reported2026doubling; retain reportedfigure with conflictflag.,"Wikipedia station article infobox, reported secondary figure",,,,
NJT,FOUND,en,3,3,3,3,https://en.wikipedia.org/wiki/Nagercoil_Town_railway_station,https://en.wikipedia.org/w/index.php?oldid=1370954565,1370954565,2026-08-23T22:29:25Z,2026-10-08,3,3,False,False,"Internal conflict: infobox reports 3 platforms and 3 tracks, while body says only one platform. Display 3 as the infobox-reported count, flagged disputed. OSM records two bodies, one adjoining older construction-tagged geometry.","Wikipedia article infobox, reported secondary figure",,,,
NCJ,FOUND,en,4,12,4,12,https://en.wikipedia.org/wiki/Nagercoil_Junction_railway_station,https://en.wikipedia.org/w/index.php?oldid=1370954564,1370954564,2026-08-23T22:29:23Z,2026-10-08,4<ref>{{cite web |title=54 Departures from Nagercoil SR/Southern Zone - Railway Enquiry |url=https://indiarailinfo.com/departures/801?bedroll=undefined& |website=indiarailinfo.com |access-date=30 March 2024}}</ref>,12,True,False,Infobox reports 4 platforms and 12 tracks. Body mixes historic2015 depot counts and stale single-line description toward TVC. Those claims do not override primary NJT-NCJ doubling evidence.,"Wikipedia article infobox, reported secondary figure",,,,
