review_label,osm_way_id,mapped_class,rendered_length_m,operational_road_number
R01,404118735,yard,117.05,unverified
R02,404118736,yard,83.55,unverified
R03,404118737,yard,270.95,unverified
R04,404118738,yard,99.75,unverified
R05,641650009,crossover,66.73,unverified
R06,641650010,main,884.02,unverified
R07,641650011,crossover,84.11,unverified
R08,641650012,yard,96.11,unverified
R09,641650014,siding,928.02,unverified
R10,641650015,siding,707.78,unverified
R11,641650016,yard,667.63,unverified
R12,641650017,yard,1032.9,unverified
R13,641863868,yard,685.87,unverified
R14,641863869,yard,715.93,unverified
R15,641863870,yard,505.11,unverified
R16,641863871,yard,664.96,unverified
R17,641863872,yard,42.02,unverified
R18,641863873,yard,656.1,unverified
R19,641863874,yard,593.93,unverified
R20,641863875,yard,441.17,unverified
R21,641863876,yard,804.56,unverified
R22,641863877,yard,478.73,unverified
R23,641863878,yard,290.15,unverified
R24,641863879,yard,195.07,unverified
R25,641863880,yard,214.45,unverified
R26,641863881,yard,188.36,unverified
R27,641863882,yard,219.85,unverified
R28,641863883,yard,311.95,unverified
R29,641863884,yard,216.32,unverified
R30,641863885,yard,260.68,unverified
R31,641863886,yard,224.56,unverified
R32,641863887,yard,298.74,unverified
R33,641863888,yard,229.24,unverified
R34,661604994,yard,68.76,unverified
R35,661604998,main,231.35,unverified
R36,669062978,yard,343.12,unverified
R37,669062979,main,650.6,unverified
R38,818130829,main,293.98,unverified
R39,818130830,crossover,68.12,unverified
R40,818130831,crossover,70.78,unverified
R41,818130832,main,276.64,unverified
R42,818130833,crossover,92.38,unverified
R43,827854391,main,125.35,unverified
R44,827854396,yard,79.54,unverified
R45,1311408246,main,527.83,unverified
R46,1311408266,main,457.3,unverified
