component,dimension,value_m,basis,confidence
Rail gauge inner head faces,model target,1.676,standard gauge; others reconstructed,exact model value
Rail crown width,model target,0.06,standard gauge; others reconstructed,exact model value
Rail centre spacing,model target,1.736,standard gauge; others reconstructed,exact model value
Sleeper spacing,model target,0.65,standard gauge; others reconstructed,exact model value
Sleeper length,model target,2.75,standard gauge; others reconstructed,exact model value
Platform surface Z,model target,1.16,standard gauge; others reconstructed,exact model value
Footbridge deck Z,model target,7.7,standard gauge; others reconstructed,exact model value
"Platform 4,5",longitudinal extent,614.702,OSM current mapped polygon mixed-date,map-derived not surveyed
Platforms 2/3,longitudinal extent,640.368,OSM current mapped polygon mixed-date,map-derived not surveyed
Platform 1,longitudinal extent,647.071,OSM current mapped polygon mixed-date,map-derived not surveyed
Platform No. 6,longitudinal extent,434.489,OSM current mapped polygon mixed-date,map-derived not surveyed
Station rail envelope,longitudinal clipping interval,1360,model bounded full station throats,model scope
