component,model_dimension_m,basis,confidence,limitation
Coordinate system,1 Blender unit = 1 metre,explicit scene metric units,high,not a survey
Track gauge,1.675 model versus 1.676 standard,measured inner rail-head faces in model,high for model measurement,model approximately 1 mm narrower than Indian broad-gauge standard; visual context approximation not exact compliance; verify wheel interface in simulator
Central portal width,20,relative proportions from 2017 Shady59 facade image,medium,no measured drawing
Central white spandrel height,9.1,door/column relative photographic scale,low,photo perspective and night visibility limit accuracy
Entry awning height,3.73,relative entrance scale,medium,no measured drawing
Central pavilion depth,13.8,artistic completion of occluded roof/interior,low,not visible in reference
Left wing width,17,relative photo proportions,low,truncated westward extent
Right wing width,34,relative photo proportions,low,truncated eastern extent and inferred rear
Frontage sample total width,72,combined modelling composition,low,not full cadastral extent
Platform sample length,96,game-adjusted modular display length,not surveyed,not actual ERS platform length
Platform width,8.6,photo-inferred demonstration island module,low,no exact yard layout asserted
Platform top above ground,1.175,visual rail/platform proportional estimate,low,railhead .6675 so model step 0.5075
Canopy support bay,8,photo-inspired configurable rhythm,low,not surveyed bay spacing
Canopy eaves/ridge,4.75 / 5.25,photo-inferred relative people/columns,low,scene ground datum; subtract platform height for clearance
FOB clear deck height,7.2,photo-inspired indicative assembly,low,not engineering clearance certified
FOB deck width,3.5,photo-inferred visual ratio,low,no measured drawing
FOB sample length,28,demonstration two-track crossing,not surveyed,actual bridge length/layout not asserted
Stair flight run/rise,12 / 6.02,game-adjusted to demonstration deck,low,34 treads; not certified accessible or safe construction
Sample track centre spacing,5.8,assembly choice,not surveyed,not ERS surveyed placement
OHE contact wire height,6.15,indicative scene value,low,no electrical or clearance certification
Catering kiosk footprint,3.4 x 2.8,photo inferred relative height,medium,generic product labels
