element,chosen_dimension_m,evidence,confidence,comment
main_portico_width,37.25,2010 facade proportions,medium,Not surveyed
column_count,12,2010 main photograph,medium,Visible frontage interpretation; eleven main bays
column_pitch,3.0,Photo proportional estimate,low,Uniform reconstruction assumption
main_column_section,0.36 x 0.48,Photo slenderness estimate,low,Not structural measurement
main_canopy_soffit_height,9.005,Photo person/auto scale reference,low,Relative to model forecourt zero
main_roof_front_lip,9.66,Photo proportion,low,Height in reconstructed coordinate system
rooftop_sign_top,11.465,Photo proportions,low,Three distinct rooftop boards
main_building_depth,18.0,Unseen depth inferred,low,Not supported by street photos
lower_wing_width,18.5,2010 side view proportion,low,Perspective introduces uncertainty
lower_wing_height,8.32,2010 side view proportion,low,Includes rounded front silhouette
annex_width,17.7,2010 side view proportion,low,Set back/connection not surveyed
annex_depth,9.4,Unseen depth inferred,low,Configurable massing
illustrative_platform_length,84,Scene framing choice,none,Not real platform length
illustrative_platform_width,8.5,Scene module choice,none,Not surveyed
illustrative_canopy_length,70,Scene module choice,none,Not verified 2010 structure
illustrative_track_gauge,1.676,Inner faces of nominal 65 mm rail heads,high for broad gauge standard,1.741 m rail centre spacing minus 0.065 m head width
illustrative_track_length,92,Scene module choice,none,No yard layout claim
forecourt_paved_area,124 x 37,Scene composition inferred from street photographs,low,Not a mapped forecourt footprint
forecourt_island_length,106,Scene composition choice,none,Black-white curb treatment photograph-supported; length not surveyed
platform_top_above_rail,0.760,Conventional high platform assumption,not NCJ-specific,Configurable scenic geometry only
